DBA	LOCATION
UNILEVER HPC - USA	2900 W TRUMAN BLVD
DUKES ON THE BOULEVARD	2125 MISSOURI BLVD
PHI DELTA THETA	500 WESTMINSTER AVE
CHURCHILL TERRACE A L	120 HOSPITAL DRIVE
SOMO SCHOOL FOR THE DEAF	505 E. 5TH ST.
SOMO FULTON TREAT CTR	1650 HWY O
CINCO DE MAYO II	600 COMMONS DR
DEL TAU DEL - WESTMINSTER	610 WESTMINSTER AVE
PARK COLUMBIA	4380 NOCONA PKWY
DELIAS ON STADIUM	1400 CINNAMON HILL LN
DRURY PLAZA HOTEL  #179	3100 INTERSTATE 70 DR SE
SPRINGHILL SUITES	3415 CLARK LN
MI JALISCO	901 SAFARI DR
TRN COLUMBIA CNTRY CLB	2210 N COUNTRY CLUB DR
BROADWAY BANQUETS AT WALN	1109 E WALNUT ST
PEACHTREE CATERING 2	700 CONLEY AVE
ALPHA DELTA PI - MISSOURI	809 RICHMOND AVE
ELMOES CATERING	1201 ROLLINS ST
G & D STEAKHOUSE	2001 WEST WORLEY
3 OAKS - LENIOR WOODS MNR	1 HOURIGAN CIR
3 OAKS - LENIOR WOODS BR	3850 CARTWRIGHT LN
MU CDS RESTAURANTS AT SW	502 KENTUCKY BLVD
MU CDS THE MARK ON 5TH ST	515 SOUTH 5TH STREET
FLAT BRANCH BREWING CO	115 SOUTH 5TH STREET
BROADWAY DINER, INC.	22 S 4TH ST
CHI OMEGA - MISSOURI	406 BURNAM AVE
SIGMA KAPPA - MISSOURI	908 CURTIS AVE
CCS CITY BROILER	1401 FORUM BLVD
JOJOS BISCUIT CO #1	2540 BROADWAY BLUFFS DR
MU CDS STUDENT CENTER	901 E ROLLINS
PEACHTREE CATERING INC	602 FAY ST
QDOBA #3263 MIZZOU	821 ELM ST
MU CDS WHEATSTONE BISTRO	518 HITT ST
LE BAO ASIAN EATERY	1009 PARK AVE
44 CANTEEN	21 N 9TH ST
WILLIES/FIELDHOUSE	1109 E BROADWAY
CAFE BERLIN INTL	220 N 10TH STREET
OZARK BISCUIT BAR	1204 HINKSON AVE
EL RANCHO	1014 EAST BROADWAY
COL BOYS & GIRLS CLUB	1200 N 7TH ST
DELTA SIGMA PHI -MISSOURI	805 RICHMOND AVE
MADISONS2	216 MADISON ST
OSCARS CLASSIC DINER LLC	2118 SCHOTTHILL WOOD DR
QDOBA #3287 JEFFERSON	1803 MISSOURI BLVD
BAYMONT INN AND SUITES	319 W MILLER ST
CINCO DE MAYO	409 W MILLER ST
JQ'S ON HIGH	911 E HIGH ST
COURTYARD JEFFERSON CITY	610 BOLIVAR STREET
HSNGR BLUFFS NSG RHB LLC	1002 W MAIN ST
HEISINGER BLUFFS HC W CMP	1306 W MAIN ST
DRAGON KITCHEN-JEFF CITY	2219 MISSOURI BLVD; STE U
SAKURA	730 W STADIUM BLVD
LUTZ BBQ	3505 MISSOURI BLVD
FUJI JAPANESE STEAK HOUSE	3600 COUNTRY CLUB DR #512
BURGHER HAUS RESTAURANT	1001 W BUCHANAN ST
DICUS BBQ	1203 W BUCHANAN ST
MEXI CALI BAR AND GRILL	406 N HIGH ST
PETRO FUEL #0318100 KINGD	3304 GOLD AVE
PETRO REST #0318700 KINGD	3304 GOLD AVE
EX KINGDOM CITY COUKC	3257 COUNTY ROAD 211
DINER 54	2571 S. CLARK ST.
DAGWOODS JR	216 W PROMENADE
VEGA'S BURRITOS LLC	113 S. WASHINGTON
BEST WESTERN TEAL LAKEINN	3602 S CLARK ST
DOS ARCOS - MEXICO	1425 W MONROE
LAKEVIEW BEND ALF	1700 ASBURY CIRCLE WEST
ROUND TABLE FAMILY RESTAU	937 MISSOURI 22
THATS FIRE BBQ	595 N ROUTE B
ZETA TAU ALPHA - MISSOURI	912 RICHMOND AVE
PHI MU - MISSOURI	503 KENTUCKY BLVD
BIG DADDYS BBQ	1802 PARIS RD
WINGIN OUT	916 E BROADWAY
MU GEN ATHLETIC DINING	1107 S. PROVIDENCE ROAD
MU CDS SABAI	1100 ROLLINS ST
MURRYS	3107 GREEN MEADOWS WAY
D ROWE'S RESTAURANT	1005 CLUB VILLAGE DR
BELLY MARKET AND ROTISSER	1010 CLUB VILLAGE DR
ARBORS MILL CREEK VIL MC	1980 W SOUTH HAMPTON DR
MILL CREEK VILLAGE	1990 W SOUTH HAMPTON DR
BONKERS COLUMBIA	3812 BUTTONWOOD DR
TOWNEPLACE STS COLUMBIA	4400 NOCONA PARKWAY
SIG ALPH EPS - MISSOURI	24 E STEWART RD
PI KAPPA PHI - MISSOURI	110 EAST STEWART ROAD
THETA CHI - MISSOURI	111 E STEWART RD
LA TERRAZA MEXICAN GRILL	1412 FORUM BLVD
GG ALPHA EPS PI MISSOURI	901 TIGER AVE
EQUIPMENT SHARE	5710 BULL RUN DR
SIGMA NU - MISSOURI	710 S COLLEGE AVE
BETA THETA PI	520 S COLLEGE AVE
TRUMANS BAR AND GRILL INC	3304 W BROADWAY BUSINESS
JAMACIAN JERK HUT	711A VANDIVER DRIVE
PEGGY JEANS PIES STADIUM	421 N STADIUM BLVD STE 1
ECLIPSE CFS	4600 CHRISTIAN FELLOWSHIP
ASHLEY MANOR HEALTH RHB	1630 RADIO HILL RD
BOONVILLE VALLEY HOPE	1415 W ASHLEY RD
HOLIDAY INN BNVL GP BNLMO	2419 MID AMERICAN IND DR
MAGGIES BAR & GRILL	416 MAIN ST
DOS PRIMOS	400 N CLEVELAND ST
MIDWAY GOLF AND GAMES	5500 W VAN HORN TAVERN RD
DEL DEL DEL - MISSOURI	901 RICHMOND AVE
GRAND CRU LLC	2600 S PROVIDENCE
US FOODS ST.LOUIS	8543 PAGE AVE
MU HC UH PATIENT KITCHEN	1 HOSPITAL DRIVE GW-22
MU CDS PLAZA 900	900 VIRGINIA AVE
MU CDS ROLLINS	1200 E ROLLINS ST
MU GEN SEZ FUEL	239 CHAMPIONS DRIVE
MU GEN ENDZONE	239 CHAMPIONS DRIVE
LA FUENTE III	1050 E NORTH AVE
CLAY COUNTY HOSPITAL	911 STACY BURKE DRIVE
LOS TRES CAMINOS	212 E NORTH AVE
LA FUENTE II RESTAURANT	1007 COMMERCE DR
BAILEYS BISTRO	1 W MAIN ST
EL CACTUS TEX MEX RESTAUR	200 W MAIN ST
ABBIS SALAD TO GO	18 W MAIN ST
MIS TRES POTRILLOS MEXICA	5191 E SHORT LN
CARLE RICHLAND MEDICAL CT	800 E LOCUST ST
OLNEY CAFE	921 E MAIN ST
EL CACTUS RESTAURANT	200 W MAIN ST
MIS TRES POTRILLOS OLNEY	211 SOUTH WEST STREET
QIK SAK	7722 N US HWY 45
AD 101560 EFFINGHAM	1507 HAMPTON DR
PETRO REST #0321700 EFFIN	1805 W FAYETTE AVE
FLYING J #64300 EFFINGHAM	1701 W EVERGREEN
HEARTLAND DENTAL	1200 NETWORK CENTRE DR
OLD MACS DRIVE THRU INC	203 N LODA RD
ROADRUNNER REFUEL	405 E CENTER ST
LAPOBLANITA MEXICAN RESTA	1011 S VAN BUREN ST
CTN 1452 PEPSI HERSHY CAF	1401 W MAIN ST
LOS GARDINES	124 E MAIN ST
BACK PORCH SMOKE HOUSE 2	1802 W MAIN ST
THE WORKING MULE	1010 E HIGHLAND AVE
KAY HOLSCHER CATERING	7766 N 1500TH ST
BONNIE CAFE MT V	100 AVIATION DR
BONNIE CAFE	675 S IL HWY 37
FRANKLIN HOSPITAL	201 BAILEY LANE
POP'S BBQ	322 NORTH MAIN STREET
LAFIESTA MEXICAN REST	110 JACKSON ST
LA FIESTA WEST FRANKFORT	1402 W MAIN ST
SERGIO'S (HERRIN)	1400 S 16TH ST
CARMEN'S CAFE	1401 S PARK AVE
ROBS BBQ	7335 COX DR
SIH MEMORIAL HOSP-VHA	405 WEST JACKSON
DON TACO II	780 E GRAND AVE
SERGIO'S CANTINA	1160 E MAIN ST
AD 1378 CARBONDALE	1382 E MAIN ST
DON SOL MEX GRILL CARBON	715 N GIANT CITY RD
SOUTHPAW BAR AND GRILL	1 APPLE CITY CTR
PATS BBQ	111 TOWER ROCK LN
BOOBYS	406 S ILLINOIS AVE
DEPOT - 1 DRU KEE	1000 MINERS DR
BONNIE CAFE WEST FRANKFOR	15 W FRANKFORT PLZ
DRURY INN #90	2706 W DEYOUNG ST
KOKOPELLI GOLF CLUB	1527 CHAMPIONS DR
K B BAR B QUE          R	1301 EAST MAIN STREET
WALTS PIZZA	213 COURT
ROAD RANGER #279 MARION	1701 IL ROUTE 148
LICK CREEK COMMUNITY SCHO	7355 LICK CREEK RD
THE HANGRY HUT	101 SPRINGFIELD AVE
TIOS TAQUERIA	502 W VINE ST
EL TEQUILA MEXICAN REST	523 E VINE ST
SOUTHERN 7 HS-VIENNA	513 E VINE STREET
ANGIE'S EAT'S AND SWEETS	327 RAYMOND STREET
SIH HARRISBURG MED CTR	100 DR WARREN TUTTLE DR
DON LUNA LLC	612 W POPLAR ST
MORELLO PIZZA AND GRILL	217 E POPLAR ST
STEAM CAFE	10 S CHERRY ST STE 3
HARRISBURG FAMILY RESTAUR	601 N COMMERCIAL ST
SC STERN CARMI MANOR	615 W WEBB ST
ROAD RANGER #268 GRYVLL	1776 S COURT ST
LICKIN BY CHICKEN & PULLI	21661 U.S. 45
EL RANCHERITO    A	4303 BROADWAY
THE GOLDEN PANCAKE	419 S 44TH ST
CMPS GREENTREE MT VERNON	208 ZACHERY DR
JJS SPORTS BAR & GRILL	4424 FAIRFAX DR
AD 101640 MT VERNON	134 N 44TH ST
VILLAGE GARDEN NEW	1517 W MAIN ST
SUPER 8 MOTEL	118 WOODS LANE
EL RANCHERITO OF SALEM	103 BOULDRIDGE LN STE 301
LA FUENTE MOUNT VERNON	222 S 9TH ST
KRETZERS GRILL AND BAR	218 E SAINT LOUIS ST
NEW LITTLE NASHVILLE	11700 ILLINOIS 127
BRYAN MANOR	2150 E MCCORD STREET
BONNIE CAFE CENTRALIA	816 S POPLAR ST
GOLDEN PANCAKE HOUSE CENT	720 W BROADWAY
KASKASKIA COLLEGE CAFE	27210 COLLEGE RD
ODIN PUBLIC SCHOOL D#722	102 S MERRITT ST
BONNIE CAFE SALEM	1300 S BROADWAY AVE SUITE
QDOBA #2658 32ND ST	415 N 32ND ST
NEW TAQUERIA ARANDAS	1828 BROADWAY ST
CLEAN EATZ QUINCY	4490 BROADWAY ST
CASA LEON	4420 BROADWAY ST UNIT E
JOHN WOOD COMMUNITY COLLE	1301 S 48TH ST
EL RANCHERITO RESTAURANT	307 N 36TH ST
MI JALAPENO	3120 BROADWAY
TIRAMISU RESTAURANT	131 N 4TH ST
RIVERSIDE BBQ QUINCY	222 S 3RD ST
LOS GIRASOLES	201 N 4TH ST
ARANDAS MEXICAN BAR AND G	645 VINE ST
J COLTES TAVERN	407 STATE ST
LOS GIRASOLES 2	123 W MAIN ST
EL NOPAL INC	805 MARION STREET
WAYNE BBQ	320 N 3RD ST
RIO GRANDE BAR AND GRILL	111 BIRD ST
CASA TEQUILA	600 U.S. 24
VALENCIAS	513 U.S. 54
MAYA RESTAURANT PITTSFIEL	1240 W WASHINGTON
AD 1443 SPRINGFIELD	2917 W ILES AVE
AD 101642 SPRINGFIELD	3130 S DIRKSEN PKWY
ROAD RANGER #118 SPRNGFLD	3752 CAMP BUTLER RD
AD 101561 FORSYTH	850 US-51
QDOBA #2264 SOUTH COUNTY	90 S COUNTY CENTER WAY
LIONS CHOICE SOUTH #05	6030 SOUTH LINDBERGH
THREE KINGS SAPPINGTON	40 RONNIES PLZ
LIONS CHOICE SNST HLS #12	10765 SUNSET HILLS PLAZA
WALNUT GRILL-SUNSET HILLS	10797 SUNSET HILLS PLZ
SUGARFIRE VALLEY PARK K	932 MERAMEC STATION RD
LIONS CHOICE FENTON #11	698 GRAVOIS BLUFFS BLVD
QDOBA #2142 GRAVOIS	180 GRAVOIS BLUFFS CIR
POST SPORTS FENTON #3	568 OLD SMIZER MILL RD
QDOBA #2593 ARNOLD	905 ARNOLD COMMONS DR
THREE KINGS COTTLEVILLE	5045 STATE ROUTE N
HI POINTE COTTLEVILLE	6015 MID RIVERS MALL DR
CLEAN EATZ OFALLON	325 WINDING WOODS DR
LIONS CHOICE OFALLON #09	8710 VETERANS MEM PKWY
EL MEZON O FALLON	2175 W TERRA LN
LIONS CHOICE WENTZVLE #22	901 W PEARCE BLVD
THE POST SPTTS BR & GR #4	6472 RONALD REAGAN DR
LIONS CHOICE OFK #25	4520 HIGHWAY K
LIONS CHOICE CHSTERFD #10	17294 CHESTERFIELD AIRPOR
NAPOLI BROS PIZZA & PASTA	17081 NORTH OUTER 40 RD
QDOBA #2392 LINDELL	4049 LINDELL BLVD
ARCH CITY DELI	430 S 15TH ST
CLEAN EATZ IL01 EDWARDS	316 S BUCHANAN ST
CLEVELAND HEATH	106 N MAIN ST
EL MAGUEY EDWARDSVILLE	1534 TROY RD
EDLEYS BAR B QUE GLEN CAR	2392 S STATE ROUTE 157
ZAPATAS MEXICAN RESTAURAN	8 EASTPORT PLAZA DR
EDLEYS BAR B QUE O FALLON	531 W HIGHWAY 50
SUGARFIRE O'FALLON	1425 N GREEN MOUNT RD
ZAPATAS FAIRVIEW HEIGHTS	4660 N ILLINOIS ST
BEAST CRAFT BBQ CO	20 S BELT W
LIONS CHOICE HANLEY #13	1605 HANLEY ROAD
CASA DE TRES REYES	1181 COLONNADE CTR
THREE KINGS DES PERES	11925 MANCHESTER RD
LIONS CHOICE DES PRES #14	11913 MANCHESTER RD
GULF SHORES CREVE COEUR	12528 OLIVE BLVD
CLANCYS IRISH PUB	40 OLD STATE RD
LIONS CHOICE ELLISVLE #21	3048 CLARKSON RD
SALT AND SMOKE ELLISVILLE	1385 CLARKSON CLAYTON CTR
THAI SAWADEE	171 HILLTOWN VILLAGE CTR
YIA YIA'S - ST LOUIS	15601 OLIVE BLVD
HI POINTE DISTRICT	17081 N OUTER 40 RD
LIONS CHOICE BALLWIN #01	14919 MANCHESTER ROAD
TA FUEL#0461100 CUBA	5922 MO 19
JERSEY MIKES #25028	1051 N BISHOP AVE
FAIRFIELD INN & STS ROLLA	1670 OLD WIRE OUTER RD
ROAD RANGER #242 STRBR	22345 HIGHWAY 28
SOMO GENTRY RES TREAT CTR	2001 DYS DR
CHATEAU ON THE LAKE	415 STATE HIGHWAY 265
OZARK NURSING CENTER	1486 N RIVERSIDE RD
UNIVERSITY PLAZA HOTEL	333 SOUTH HAMMONS PARKWAY
PILOT #106100 SPRNGFLD	4939 W CHESTNUT EXPRSWY
LAQUINTA INN AND SUITES AIRPORT PLAZA	2445 N Airport Plaza Ave
WOODLAND MANOR	1347 E VALLEY WATER MILL
SPRINGHILL STES SPRGFLD N	2025 E KERR ST
HOTEL VANDIVORT	305 E WALNUT ST
RESIDENCE INN SPRINGFIELD	1303 E KINGSLEY ST
RESIDENCE INN JOPLIN	3128 EAST HAMMONS BOULEVA
SOMO GATEWAY SCHOOL	1823 W 20TH ST
HOT SHOTS CAPE GIRARDEAU	15 N MAIN ST
EX CAPE GIRARDEAU CGIWS	3253 WILLIAM ST
QDOBA #2609 WILLIAM	3019 WILLIAM ST
CAPE TOWN	2857 CAPE LACROIX RD
CAPETOWN ARBORS MC	2915 CAPE LA CROIX RD
WEST RIDGE PLACE MC	539 NORTHWEST ST
SOMO SE MO RESID SIKESTON	112 PLAZA DRIVE
FLYING J #57100 CHARLESTN	2460 EAST MARSHALL
FLYING J #67100 MATTHEWS	703 STATE HWY 80
HOLIDAY INN EXPRESS & SUITES	115 Hospitality Dr
CYPRESS PT HEALTH CARE	801 BAILIFF DRIVE
PILOT #44200 HAYTI	1701 HIGHWAY 84 EAST
ST FRANCIS PARK	1806 ST FRANCIS ST
HERITAGE N C AMERICARE	1802 ST FRANCIS
RIVERMIST CARE	2050 W MAUD
KRABBY DADDYS POPLAR BLUF	2201 N WESTWOOD BLVD
FAIRFIELD INN POPLR BLUFF	3109 OAK GROVE
SOMO W E SEARS YOUTH CTR	9400 SEARS LANE
SUGARFIRE SMOKEHOUSE OLIV	9200 OLIVE BLVD
QDOBA #2163 GRAND	3100 S GRAND BLVD
SALT AND SMOKE HAMPTON	5625 HAMPTON AVE
HI-POINTE DRIVE IN #1001	1033 MCCAUSLAND AVE
FIVE STAR BURGERS CLAYTON	8125 MARYLAND AVE
CROWN CENTER SR LIVING	8350 DELCREST AVE
COMPANION LADUE CAFE	9781 CLAYTON RD
LADUE TACO	9783 CLAYTON RD
PEEL PIZZA CLAYTON	208 S MERAMEC AVE
CJ MUGGS	200 S CENTRAL AVE
HOT SHOTS WENTZVILLE	49 WENTZVILLE BLUFFS DR
SUGARFIRE WENTZVILLE	1101 LODORA DR
URSHAN UNIVERSITY - URSHN	155 URSHAN WAY
SUGARFIRE WINGHAVEN	9955 WINGHAVEN BLVD
HOPE MONTESSORI LAKE ST L	1880 SOUTH HENKE ROAD
ANDREW ACADEMY LAKE ST L	1701 FEISE RD
THE CORNER PUB	101 W BOONESLICK RD
STONE SUMMIT STEAK AND SE	17 CLIFF VIEW DR
SWEET SPOT  OFALLON	9951 WINGHAVEN BLVD
CYRANOS CAFE	603 E LOCKWOOD AVE
THE FRISCO BARROOM	8110 BIG BEND BLVD
THE ANNEX	8122 BIG BEND BLVD
O + O PIZZERIA	102 W LOCKWOOD AVE
THE CLOVER AND THE BEE	100 W LOCKWOOD AVE
THE BLOCK - WEBSTER	146 LOCKWOOD AVENUE
AH0167 MCCALLUM PLACE	231 W LOCKWOOD AVE
PERENNIAL ON LOCKWOOD	216 W LOCKWOOD AVE
OLIVE AND OAK	216 WEST LOCKWOOD
SAN JOSE MEXICAN RESTAURA	35 N GORE AVE
O B CLARKS RESTAURANT	1921 S BRENTWOOD
DRURY INN & SUITES #164	8700 EAGER RD
PORTERS FRIED CHICKEN	3628 BIG BEND BLVD
ALTOS CANTINA DEER CREEK	3248 LACLEDE STATION RD
GIGIS COMMISSARY	815 FEE FEE RD
SNARFS PAGE	11512 PAGE SERVICE DR
SALT AND SMOKE COMMISSARY	2452 CENTERLINE INDUSTRIA
CASA JUAREZ MEXICAN TOWN	12710 DORSETT RD
OVGV#6170 S STL CE CENTER	750 CASINO CENTER DR
JX RESTAURANTS INC	64 WELDON PKWY
RSDNCE IN FRFD INN WST CO	11920 WESTLINE INDUSTRIAL
STAYBRIDGE STES WESTPORT	25 PROGRESS PKWY
HI POINTE DWNTWN #1002	634 WASHINGTON AVE
CHRIS' @ THE DOCKET	100 N TUCKER BLVD
ROOSTER'S LOCUST	1025 WASHINGTON
MARRIOTT STL GRAND HTL MN	800 WASHINGTON
DRURY INN #57	201 S 20TH ST
FAIRFLD INN & STS STL DTN	2144 MARKET ST
PEAR TREE INN #58	711 N BROADWAY
HOTEL SAINT LOUIS	705 OLIVE ST
OVER UNDER	911 WASHINGTON AVE
COURTYARD STL CC	823 WASHINGTON AVE
SUGARFIRE DOWNTOWN	605 WASHINGTON AVE
HMSF H M S HOST	10751 NATURAL BRIDGE
MGM NORMANDY NURSING CTR	7301 SAINT CHARLES ROCK R
LIONS CHOICE BRIDGETN #03	11265 ST CHARLES ROCK RD
SOMO BELLEFONTAINE HABIL	10695 BELLEFONTAINE RD
DRURY INN #75	10490 NATURAL BRIDGE RD
WINGATE #124	10820 PEAR TREE LN
PEAR TREE INN #22	10810 PEAR TREE LN
DEDICATED N ST LOUIS	175 N OAKS PLZ
NORTHWAY SUPERMARKET	5590 W. FLORISSANT
FSC 315 LUTH HIGH NORTH	5401 LUCAS AND HUNT RD
DEDICATED FERGUSON	10990 NEW HALLS FERRY RD
CLEAN EATZ KITCHEN	14042 RIVERPORT DR
TUCANOS BRAZILIAN GRILL	1520 S 5TH ST STE 100
EMBASSY STS STL ST CHRLES	2 CONVENTION CENTER PLZ
SALT AND SMOKE SAINT CHAR	501 S MAIN ST
LEWIS & CLARK	217 SOUTH MAIN STREET
SUGARFIRE ST CHARLES	3150 ELM POINT INDUSTRIAL
MASSA'S NEW TOWN	3761 NEW TOWN BLVD
LIONS CHOICE ELM #19	3140 ELM POINT INDUSTRIAL
NAPOLI 3	1450 BEALE ST #105
DRURY PLAZA HOTEL #178	380 MULHOLLAND ST
WASABI SAINT CHARLES	1650 BEALE ST
BL #1405 ST CHRLS	1650 BEALE ST UNIT 180
CHICKEN SCRATCH 2	9900 MANCHESTER RD
HOLLYBERRY BAKING	10037 MANCHESTER RD
HI POINTE KIRKWOOD #1003	951 S KIRKWOOD RD
SALT AND SMOKE KIRKWOOD	110 S KIRKWOOD RD
NAPOLI KIRKWOOD	436 NORTH KIRKWOOD ROAD
PJS TAVERN	123 W JEFFERSON AVE
AMIGOS CANTINA	120 WEST JEFFERSON AVE
BEST WESTERN STL KIRKWOOD	1200 S KIRKWOOD RD
FSC 314 LUTHERAN HIGH STH	9515 TESSON FERRY RD
ST JUSTIN THE MARTYR	11914 EDDIE AND PARK RD
HARRIS HOUSE BROADWAY	8315 S BROADWAY
WASABI KIRKWOOD	312 S KIRKWOOD RD
POOR RICHARDS FENTON	960 BROOKWOOD CENTER
RUSSELLS CAFE AND BAKERY	952 BROOKWOOD CENTER
RICOS TACOS	958 BROOKWOOD CTR
EX FENTON STLFE	1848 BOWLES AVE
DELMAR GARDEN MERAMEC VAL	1 ARBOR TERRACE
3 MARGARITAS	69 FENTON PLZ
VIVIANOS FENTON	55 FENTON PLZ
FIESER NURSING HOME	404 MAIN ST
PASTA HOUSE HIGH RIDGE FR	4517 GRAVOIS VILLAGE CTR
LA CASONA MEXICAN REST	5660 HIGHWAY PP
SLINGERS	4662 GRAVOIS RD
OUR LADY QUEEN PEACE SCH	4696 NOTRE DAME LANE
SHORTLEAF BREWPUB	7434 VILLAGE CENTER DR
DELMAR GARDENS CHESTERFLD	14855 N OUTER 40 ROAD
CHESTERFIELD VILLA N H	14901 N OUTER 40
FSC 906 LOGAN COLLEGE FSC	1851 SCHOETTLER RD
OBQS	158 LONG RD
RESIDENCE INN	16875 N OUTER 40 RD
DRURY PLAZA HOTEL #121	355 CHESTERFIELD CTR
TOWNPLACE SUITES	748 PREMIUM WAY
TULLYS TAP	1120 TECHNOLOGY DR
STL KOLACHE CREVE COEUR	1300 N LINDBERGH BLVD
RUSSOS GOURMET EXPRESS	9904 PAGE AVE
FSC 904 ALBERICI CNSTRCTN	8800 PAGE AVE
SALT AND SMOKE DELMAR	6525 DELMAR BLVD
LA BONNE BOUCHE	12344 OLIVE BLVD
MEXICAN BARREL HOUSE	1035 NORTH MASON ROAD
BKD  CREVE COEUR #02009	1 NEW BALLAS PL
COURTYARD N NEW BALLAS	828 N NEW BALLAS
BRIGHT HORIZONS #1276	800 N. LINDBERGH BLVD
PORANO  DES PERES	13323 MANCHESTER RD
BKD  WEST COUNTY #19760	785 HENRY AVE
DELMAR GARDENS WEST	13550 S. OUTER RD
GARDEN VILLAS WEST	13590 SOUTH OUTER FORTY
FSC 113 ST LOUIS PRIORY	500 S MASON RD
HOPE MONTESSORI ACAD BALW	2809 BARRETT STATION RD
MGM QUARTERS OF DES PERES	13230 MANCHESTER RD
RESIDENCE/COURTYARD W CTY	12815 DAYLIGHT DR
WASABI TOWN AND COUNTRY	1066 TOWN AND COUNTRY
AMERICAN KOLACHE	14786 MANCHESTER RD
DELMAR GARDENS ON GREEN	15197 CLAYTON RD
THE CRAFTY CHAMELEON BREW	1384 CLARKSON CLAYTON CTR
JERSEY MIKES #25030	15005 MANCHESTER RD
ROCKWOOD SCHOOL DISTRICT	17146 MANCHESTER ROAD
WILDWOOD PUB AND GRILL	17253 NEW COLLEGE AVE
BARTOLINOS TWIN OAKS	1304 BIG BEND ROAD
WING SNOB TWIN OAKS	1410 BIG BEND ROAD
TUCKERS PLACE WEST	14282 MANCHESTER RD
UNCLE BILLS PANCAKE W	14196 MANCHESTER ROAD
STL KOLACHE COTTLEVILLE	4506 MID RIVERS MALL DR
HARRIS HOUSE FOUNDATION	2706 S RIVER RD
HAM N EGG ST PETERS	3640 HARVESTER RD
CECIL WHITTAKERS WELDON S	1017 WOLFRUM RD
MANNINO MARKET	5205 HIGHWAY N
DELMAR GARDENS OFALLON	7068 SOUTH OUTER 364 ROAD
GARDEN VILLAS OFALLON MO	7092 S OUTER 364
PARK PLACE AT WINGHAVEN	2002 BOARDWALK PLACE DR
THE VERO OF O FALLON	1000 LANDING CIR
LIONS CHOICE MIDRIVRS #15	6274 MID RIVERS MALL DR
RACK HOUSE	5065 N HIGHWAY N
URBAN AIR COTTLEVILLE	5993 MID RIVERS MALL DR
JPS HIDEOUT PUB AND GRILL	3915 MID RIVERS MALL DR
STS JOACHIM AND ANN CARE	4116 MCCLAY RD
HOLA ST PETERS	1287 JUNGERMANN RD
WASABI CLAYTON	7726 FORSYTH BLVD
PASTARIA  #102	7734 FORSYTH BLVD
FLIGHT CLUB STL	7710 FORSYTH BLVD
LE MERIDIEN CLAYTON STL	7730 BONHOMME AVE
MAXS BANQUET KITCHEN	7750 CARONDELET
FIVE IRON FR GOLF CLAYTON	8015 FORSYTH BLVD
RESIDENCE INN CLAYTON	8125 FORSYTH BLVD
THE CROSSING	7823 FORSYTH BLVD
SAINT LOUIS CLUB	7676 FORSYTH BLVD
QDOBA #3239 WASHINGTON UN	6475 FORSYTH BLVD
MI RANCHITO	887 KINGSLAND AVE
SUGARFIRE WASHINGTON	512 W FRONT ST
BIG BOY'S	919 JEFFERSON ST
CAFE MOSAIC	901 PATIENTS FIRST DR
LIONS CHOICE WASH #1002	531 STEWART CIRCLE DR
THE ALLEY	7 W MAIN ST
TIN MILL RESTAURANT	315 E 1ST ST
TIN MILL BREWERY	114 GUTENBERG ST
ECI CARDINAL NATION	601 CLARK AVE
SALT AND SMOKE BPV	501 CLARK AVE
LOEWS LIVE ST LOUIS	799 CLARK AVE
WESTIN HOTEL ST LOUIS	811 SPRUCE ST
DRURY PLAZA HOTEL #103	2 S 4TH ST
HODAK'S RESTAURANT AND BA	2100 GRAVOIS AVE
MOMENTUM FOX PARK	2617 SHENANDOAH AVE
CHAVAS	925 GEYER AVE
HI POINTE LASALLE PARK	1220 S 8TH ST
GATEWAY RIVERBOAT CRUISES	50 SLK SULLIVAN BPAPF1419
HILTON PENNYWELL ST LOUIS	400 OLIVE ST
FACTORY DINER PARK HILLS	239 W MAIN ST
QDOBA #2855 KARSCH BLVD	708 W KARSCH BLVD
SUGARFIRE FARMINGTON	670 WALTON DR
SUPER 8  #8044	930 VALLEY CREEK DRIVE
PASTA HOUSE FARMINGTON	931 VALLEY CREEK DR
CROWN POINTE LODGE	4245 HUNT RD
BRIGHT HORIZONS #0364	1340 AIR PARK DR
CLARKS MOUNTAIN NURSING	2100 BARNES
SWEET SPOT FLORISSANT	2575 N HIGHWAY 67
QDOBA #2205 HALLS FERRY	14039 NEW HALLS FERRY RD
DELMAR GARDENS NORTH	4401 N. PARKER RD.
GARDEN VILLA NORTH	4505 PARKER ROAD
ABELARDOS FLORISSANT	13101 NEW HALLS FERRY RD
MGM ST SOPHIA	936 CHARBONIER RD
MGM BENTWOOD NURS & REHAB	1501 CHARBONIER RD
THE RICE HOUSE	8438 N LINDBERGH BLVD
AUGUSTINE INSTITUTE	16805 NEW HALLS FERRY RD
THE RICE HOUSE II	2725 N HIGHWAY 67
LC FAIRWINDS RIVERS EDGE	600 RIVERS EDGE DR
LIONS CHOICE ST PETRS #04	3807 VETERANS MEM PKWY
TWISTED TAVERN WEST	3975 VETERANS MEMORIAL PK
PASTA HOUSE CO ST.PETERS	4095 VETERANS MEMORIAL PK
ABELARDOS SAINT PETERS	4199 VETERANS MEMORIAL PK
FSC 650 LTHRN SCHL ST CHL	5100 MEXICO RD
GULF SHORES ST PETERS	5256 N SERVICE RD
EL MEZON	140 SALT LICK  RD
CARSHIELD CAFE	503 PEARL DR
FSC 115 ST DOMINIC HIGH	31 SAINT DOMINIC DR
FIRST BAPT CHRSTN ACDM	8750 VETERANS MEMORIAL PK
MR GOLDEN	8600 VETERANS MEMORIAL PK
DRURY INN #84	170 MID RIVERS MALL CIR
SAMIS SOUTHERN KITCHEN	4245 VETERANS MEMORIAL PK
CECIL WHITTAKERS JUNGERMA	620 JUNGERMANN RD
AMERICAN KOLACHE EDWARDSV	6189 BENNETT DRIVE
PEEL PIZZA- EDWARDSVILLE	32 SOUTH STATE ROUTE 157
AD 101641 EDWARDSVILLE	312 GREAT PLACE DR
3 OAKS - MERIDIAN VLG KIT	27 AUERBACH PL
3 OAKS - MERIDIAN MC	241 MAGNOLIA DR
3 OAKS - MERIDIAN VIL	101 EVERGREEN LN
DRURY INN #51	602 N BLUFF RD
AGAVERO GRILL AND CANTINA	604 N BLUFF RD
MCDILLS IRISH PUB	267 ST LOUIS RD
PRESSHOUSE AT OLD HERALD	113 E CLAY ST
BARREL AND BRU TAP HOUSE	6151 TRACE PARKWAY DRIVE
OAXACA MARGARITA BAR	6185 BENNETT DRIVE
STL KOLACHE SOUTHWEST	5936 SOUTHWEST AVE
CHRIS PANCAKE AND DINING	5980 SOUTHWEST AVE
DIMARES SPECIALTY	2363 59TH STREET
ST AMBROSE SCHOOL	5110 WILSON AVE
055 ST LOUIS SCIENCE CTR	5050 OAKLAND AVE
FORDOS PIZZA 2	4465 MANCHESTER AVE
UNION LOAFERS	1629 TOWER GROVE AVE
SOMO MO SCHOOL FOR BLIND	3815 MAGNOLIA AVE
MOMENTUM ACADEMY TOWER GR	2900 S GRAND BLVD
MOMENTUM ACADEMY TGS	3716 MORGANFORD RD
SOMO STL FOR TRTMT CTR SO	5300 ARSENAL ST
STEVES HOT DOGS	3145 S GRAND BLVD
PASTA HOUSE GRAVOIS	9012 GRAVOIS
KENRICK'S MEAT MARKET	4324 WEBER ROAD
SALT AND SMOKE SOUTH COUN	4130 RUSTY RD
CRUSOES REST & CROCS BAR	5591 OAKVILLE CENTER
QDOBA #3162 FESTUS	1300 A VETERANS BLVD
CRISPY EDGES EATS AND SHA	700 COLLINS DR
TAYTROS BAR AND BISTRO	331 N CREEK DR
KRABBY DADDYS SEAFOOD EAT	102 PINE ST
TWISTED TAVERN	3606 W OUTER RD
THATSA NICEA PIZZA ARNOLD	2000 RICHARDSON RD
TEQUILA'S	5496 BAUMGARTNER RD STE 1
DRURY INN & SUITES #151	3800 STATE ROUTE 141
PEAR TREE INN #39	1201 DRURY LN
EDS DELICATESSEN	222 N MAIN ST
GOLDEN OAK EVILLE	6663 EDWARDSVILLE CROSSIN
LA CASA MEXICANA INC	201 HARVARD DR
LA FONDA                R	2310 TROY RD
LIONS CHOICE EDWARDIL #31	2384 TROY RD
JERSEY MIKES #27087	1990 TROY RD
THE GODDARD SCHOOL	801 S ARBOR VITAE
WASABI EDWARDSVILLE	100 S BUCHANAN ST
NORTHSIDE DAIRY HAVEN EDW	1902 N MAIN ST
WING SNOB	3901 ILLINOIS 159
STARRS PRIMAL MEATS	116 SOUTH PLUM STREET 1
MR FUEL #124500	#4 CORVETTE DRIVE
UNCLE LINNYS RESTAURANT	4112 PONTOON RD
UNCLE LINNYS FOOD & BREWS	3901 PONTOON RD
APPLE TREE FAMILY REST	3717 NAMEOKI ROAD
BUOYS SOUTHERN KITCHEN	3361 FEHLING RD STE 4
FLYING J #64500 PONTN BCH	1310 E CHAIN OF ROCKS RD
TRES CAMINOS PONTOON BEAC	47 CHOUTEAU TRACE PKWY
NO JACKS SOUTH	123 S MAIN ST
NO JACKS	4001 ILLINOIS 159
BUSY BODY MEALS	620 N MAIN ST
FREEBURG CARE CENTER	746 URBANA DR
HAKUNA MATATA KID CARE IN	2 WESTWOOD DR
HEMIS CAFE	201 MINTON DR.
NEXT UP 2 SPARTA	1400 SPARTA CENTRE DR
EX SPARTA SPPIL	1301 N MARKET
HIKO JAPANESE STEAK SUSHI	951 N IL ROUTE 3
CLEAN EATZ ST LOUIS	12456 TESSON FERRY RD
THE LOCAL HOUSE	2236 MICHIGAN AVENUE
SAUCYS CADET	15788 HIGHWAY 21
SOMO MAPAVILLE ST SCHOOL	BAPTIST PARK RD P O 68
THATSA NICEA PIZZA CONCOR	11726 BAPTIST CHURCH RD
FLYING J #64200 ALORTON	140 RACEHORSE DR.
SAWMILL BBQ CAHOKIA	4060 MISSISSIPPI AVE
MI CASA BELLEVILLE	4311 W MAIN ST
STEAKOUT SWANSEA	2013 N 17TH ST
BELLEVILLE #201 EAST	2555 WEST BLVD
AD 1345 FAIRVIEW HEIGHTS	101 FREY LN
JERSEY MIKES #27097	6570 N ILLINOIS ST
TAQUERIA OLVERA	341 MARKET PL
DRURY INN & SUITES #38	12 LUDWIG DR
LA FIESTA	400 S ILLINOIS ST
SPIKES MILLSTADT	4 E WASHINGTON ST
GRAPHITE RESTAURANT	306 S MAIN ST
YUMMY BOWL MONGOLIAN STIR	1214 CENTRAL PARK DR
RAYS SOUL FOOD	1334 CENTRAL PARK DRIVE
PILOT #122500 MASCOUTAH	9810 PERRIN RD
MEXICO ON MAIN	10 S MAIN ST
WKS	13975 PROGRESS DR
PJS DINER	560 N 4TH ST
CALLE 3 TACOS AND MARGARI	541 N 3RD ST
EL ARADO	50 N 4TH ST
GOOD OLE DAYS NEW BADEN	5 E HANOVER ST
LAPETITE #11597-7717	1050 EASTGATE DR
OAXACA OFALLON	1405 N GREEN MOUNT RD 100
LA CASA MEXICANA-OFALLON	1222 CENTRAL PARK DR.
LOS AMIGOS OFALLON	950 TALON DR
VILLA ROSE SENIOR LIVING	401 S MORELAND RD
CASA ROMERO	521 E AIRLINE DRIVE
CARVERS BBQ AND CATERING	2716 GROVELIN ST
BLAZER BITES	5800 GODFREY RD
GODFREY EL MEZCAL	3034 GODFREY RD
GOOD NEWS BREWING  ALTON	300 ALBY ST
POST COMMONS	300 ALBY ST
BOSSANOVA ALTON	112 W 3RD ST
MR PANCHO'S MEXICAN RESTA	EAST ALTON
KADENS KICKIN CHICKEN	113 EASTGATE PLZ # A
MICHOACAN	1822 VAUGHN RD
PRAIRIE INN	8471 PRAIRIETOWN RD
BLACKBIRD BAKERY AND CAFE	123 E MAIN ST
CALDERA BAR AND GRILL	230 E MAIN ST
POOR RICHARDS OF EUREKA	108 HILLTOP VILLAGE CTRDR
GUFFEY'S PIZZA	3562 W OSAGE ST
FSC 430 PURINA FARM EVENT	300 CHECKERBOARD DR
WAYSIDE INC	3302 HIGHWAY 100
MR FUEL #71700 VILLA RDGE	3324 HWY 100
LIONS CHOICE SULLIVAN	721 WEST SPRINGFIELD RD
FLYING J #67300 SULLIVAN	825 NORTH LOOP RD
ALTOS CANTINA	196 EUREKA TOWNE CENTER D
BOCCARDIS PIZZERIA EUREKA	128 S. CENTRAL
LIONS CHOICE EUREKA #07	1737 W 5TH ST
HOLA MEXICAN FOOD	106 S CENTRAL AVE
EXPAT BBQ	3730 FOUNDRY WAY
BOWOOD BY NICHE	4605 OLIVE ST
CHASE BANQUETS	212 N KINGSHIGHWAY BLVD
BRASSERIE #101	4580 LACLEDE
ELEMENT ST LOUIS MIDTOWN	3763 FOREST PARK AVE
RESIDENCE INN STLOUIS DTN	525 S JEFFERSON STY
PEAR TREE INN #64	2211 MARKET ST
STEVES MELTDOWN	3730 FOUNDRY WAY STE 1
FORDOS PIZZA	3700 FOREST PARK AVE # 20
CHICKEN SCRATCH	3700 FOREST PARK AVE
SOMO STL FOR TRTMT CTR NO	5351 DELMAR
SUGARFIRE BOATHOUSE	3408 LOCUST ST
BRIGHT HORIZONS #1277	840 ROSEDALE AVE CAMPUS
SOMO FULTON STATE HOSP	600 E 5TH ST
TACOS AND TEQUILA #100	1205 S BUISNES 54
COLLINS FARMS CAFE WASH U	1 BROOKINGS DR
SNARFS SKINKER	360 N SKINKER BLVD
ARCH CAFE LLC	11 N 4TH ST
LIONS CHOICE OFIL #26	450 REGENCY PARK
JERSEY MIKES #27024A	3284 GREEN MOUNT CROSSING
DRURY INN & SUITES #133	1118 CENTRAL PARK DR
WASABI OFALLON	1124 MERCHANTS WAY
BARTOLINOS OSTERIA	2103 SULPHUR
BETHALTO EAGLES NEST	117 E BETHALTO DR
JJ'S RESTAURANT ST CHARLE	1215 S DUCHESNE DR
BEMOS GRILL	5373 STATE HIGHWAY N
WHISPER CAFE PNTO	1 BROOKINGS DR
HAVANAS CUISINE PNTO	12 SOUTH EUCLID AVENUE
SOUL 2 SOUL PNTO	5917 DELMAR BLVD
SAKATANOYA PNTO	6683 DELMAR BLVD
FRIDAS PNTO	622 N AND SOUTH RD
DIEGO'S CANTINA PNTO	630 NORTH & SOUTH ROAD
IVY CAFE PNTO	14 N MERAMEC AVE
HONEY BEES BISCUITS PNTO	200 N KIRKWOOD RD
SPENCERS GRILL PNTO	223 S KIRKWOOD RD
EL JAROCHO DORSETT PNTO	11978 DORSETT RD
STONE X STEEL PNTO	11750 MISSOURI BOTTOM RD
CELANOS FLO PNTO	123 FLOWER VALLEY SHOPPIN
CHUCK A BURGER PNTO	9025 SAINT CHARLES ROCK R
ABELARDOS ON MANCH PNTO	15354 MANCHESTER RD
BLUE AGAVE PNTO	105 CHESTERFIELD TOWNE
EL NOPAL PNTO	3 STONEGATE CTR
FENTON B&G PNTO	701 RUDDER RD
BORGETTIS PNTO	1667 S OLD HIGHWAY 141
AFFTON PIZZA CO PNTO	9163 REAVIS BARRACKS RD
DUKES PNTO	2001 MENARD ST
BLUES CITY DELI PNTO	2438 MCNAIR AVE
THE STATION PNTO	2232 THURMAN AVE
K9 GARDEN PNTO	4565 MCREE AVE
BARRIO PNTO	740 DE MUN AVE
LOUIE PNTO	706 DEMUN AVE
GO FRESCO	3605 S PROVIDENCE RD
ADDISONS SOUTH	4005 FRONTGATE DR
SOPHIAS	3910 PEACHTREE DR
ADDISONS	709 CHERRY ST
EXECUTIVE CENTER	2200 I 70 DRIVE SOUTHWEST
BROADWAY - DOUBLETREE	1111 E BROADWAY
BIRDIES DELI	1020 E BROADWAY
BITE BY ECLIPSE	2900 TRIMBLE RD STE 105
QDOBA #2542 BELLEVL CRSS	5880 BELLEVILLE CROSSING
QDOBA #2277 GREEN MOUNT	2541 BROADWAY BLUFFS DR
QDOBA #2438 COLLINSVILLE	3606 S PROVIDENCE RD
QDOBA #2310 TROY	4006 FRONTGATE DR
QDOBA #2205 HALLS FERRY	3911 PEACHTREE DR
SUGARFIRE BOATHOUSE	3108 GREEN MEADOWS WAY
SALT AND SMOKE DELMAR	1006 CLUB VILLAGE DR
TACO BUDDHA U CITY	710 CHERRY ST
	2201 I 70 DRIVE SOUTHWEST
QDOBA #1755 PAGE AVE	929 E BROADWAY
THREE KINGS COTTLEVILLE	838 E BROADWAY
QDOBA #2391 HIGHWAY N	2901 TRIMBLE RD STE 105
SUGARFIRE WINGHAVEN	
EL MEZON O FALLON	4050 LINDELL BLVD
QDOBA #2917 HWY K	5881 BELLEVILLE CROSSING
PASTA HOUSE CO ST.PETERS	2542 BROADWAY BLUFFS DR
QDOBA #2689 BASS PRO	3607 S PROVIDENCE RD
SALT AND SMOKE SAINT CHAR	4007 FRONTGATE DR
JJ'S RESTAURANT ST CHARLE	3912 PEACHTREE DR
CHUCKS HOT CHICKEN	3109 GREEN MEADOWS WAY
	1007 CLUB VILLAGE DR
QDOBA #2593 ARNOLD	711 CHERRY ST
QDOBA #2142 GRAVOIS	2202 I 70 DRIVE SOUTHWEST
JOE BOCCARDIS	747 E BROADWAY
PASTA HOUSE GRAVOIS	656 E BROADWAY
SALT AND SMOKE SOUTH COUN	2902 TRIMBLE RD STE 105
QDOBA #2143 MANCHESTER	
PASTA HOUSE CO ELLISVILLE	4051 LINDELL BLVD
NAPOLI BROS PIZZA & PASTA	5882 BELLEVILLE CROSSING
PASTA HOUSE CO KIRKWOOD	2543 BROADWAY BLUFFS DR
	3608 S PROVIDENCE RD
CHUCKS HOT CHICKEN OFALLO	4008 FRONTGATE DR
THE POST SPTTS BR & GR #4	3913 PEACHTREE DR
HOT SHOTS WENTZVILLE	3110 GREEN MEADOWS WAY
BRASS RAIL	1008 CLUB VILLAGE DR
TULLYS TAP	712 CHERRY ST
JPS HIDEOUT PUB AND GRILL	2203 I 70 DRIVE SOUTHWEST
TIMBER CREEK GRILL	565 E BROADWAY
OISHI STEAK AND SUSHI	474 E BROADWAY
	2903 TRIMBLE RD STE 105
PASTA HOUSE CO LADUE	
TACO BUDDHA BOTANICAL HEI	4052 LINDELL BLVD
ECI CARDINAL NATION	5883 BELLEVILLE CROSSING
FOX SPORTS MIDWEST LIVE	2544 BROADWAY BLUFFS DR
ECI SPORTS & SOCIAL STL	3609 S PROVIDENCE RD
MARRIOTT STL GRAND HTL MN	4009 FRONTGATE DR
DRURY INN #57	3914 PEACHTREE DR
CHUCKS HOT CHICKEN KINGSH	3111 GREEN MEADOWS WAY
DRURY INN & SUITES #136	1009 CLUB VILLAGE DR
SASSAFRAS@MOBOT	713 CHERRY ST
URBAN CHESTNUT MID	2204 I 70 DRIVE SOUTHWEST
STEWS	383 E BROADWAY
SIX STAR MARKET	292 E BROADWAY
	2904 TRIMBLE RD STE 105
THE FRISCO BARROOM	
THE ANNEX	4053 LINDELL BLVD
KENRICK'S MEAT MARKET	5884 BELLEVILLE CROSSING
HOT SHOTS S LINDBERGH	2545 BROADWAY BLUFFS DR
QDOBA #3162 FESTUS	3610 S PROVIDENCE RD
PASTA HOUSE FESTUS	4010 FRONTGATE DR
CHUCKS HOT CHICKEN ARNOLD	3915 PEACHTREE DR
OLIVE AND OAK	3112 GREEN MEADOWS WAY
THE MEXICAN STL	1010 CLUB VILLAGE DR
TONAS MEXICAN RESTAURANT	714 CHERRY ST
RITZ CARLTON  ST LOUIS	2205 I 70 DRIVE SOUTHWEST
	201 E BROADWAY
RUSSOS GOURMET EXPRESS	110 E BROADWAY
SUGARFIRE SMOKEHOUSE OLIV	2905 TRIMBLE RD STE 105
SUGARFIRE FLORISSANT	
TONYS DONUTS DORSETT	4054 LINDELL BLVD
PASTA HOUSE CO BALLAS	5885 BELLEVILLE CROSSING
DRURY PLAZA HOTEL #62	2546 BROADWAY BLUFFS DR
EL MAGUEY NATURAL BRIDGE	3611 S PROVIDENCE RD
EL MAGUEY DUNN ROAD	4011 FRONTGATE DR
KOBE WESTPORT 2	3916 PEACHTREE DR
	3113 GREEN MEADOWS WAY
COMPANION LADUE CAFE	1011 CLUB VILLAGE DR
LADUE TACO	715 CHERRY ST
SUGARFIRE VALLEY PARK K	2206 I 70 DRIVE SOUTHWEST
DRURY INN & SUITES #117	19 E BROADWAY
NAPOLI KIRKWOOD	72 E BROADWAY
CHUCKS HOT CHICKEN ROCK H	2906 TRIMBLE RD STE 105
RACQUET CLUB LADUE	
NAPOLI 2	4055 LINDELL BLVD
MULLIGAN'S GRILL	5886 BELLEVILLE CROSSING
PASTA HOUSE HIGH RIDGE FR	2547 BROADWAY BLUFFS DR
	3612 S PROVIDENCE RD
MALLY'S MARKET	4012 FRONTGATE DR
BOOGIES II RESTAURANT N S	3917 PEACHTREE DR
MAMA CAMPISI'S	3114 GREEN MEADOWS WAY
SAMS STEAKHOUSE	1012 CLUB VILLAGE DR
DULANYS GRILLE & PUB	716 CHERRY ST
HOLTIES PUB	2207 I 70 DRIVE SOUTHWEST
BIG BOY'S	163 E BROADWAY
POOR RICHARDS FENTON	254 E BROADWAY
AMIGOS CANTINA	2907 TRIMBLE RD STE 105
TACO BUDDHA KWOOD	
OH LONDON	4056 LINDELL BLVD
	5887 BELLEVILLE CROSSING
STONE X STEEL PNTO	2548 BROADWAY BLUFFS DR
PIERCE CREEK PNTO	3613 S PROVIDENCE RD
ORZO GRILL PNTO	4013 FRONTGATE DR
BALKAN BAKERY PNTO	3918 PEACHTREE DR
EL JAROCHO PNTO	3115 GREEN MEADOWS WAY
FENTON B&G PNTO	1013 CLUB VILLAGE DR
TACOS UNO PNTO	717 CHERRY ST
FIREHOUSE LEMAY PNTO	2208 I 70 DRIVE SOUTHWEST
CATS MEOW INC PNTO	345 E BROADWAY
PRESS PIZZA + PASTA PNTO	436 E BROADWAY
NO ORDINARY RABBIT PNTO	2908 TRIMBLE RD STE 105
LOUIE PNTO	
AMIGO SOLE PNTO	4057 LINDELL BLVD
IVY CAFE PNTO	5888 BELLEVILLE CROSSING
AJ'S EAT & DRINK	PO BOX 555
SUPER 8 MACON	203 E BRIGGS DR
PIONEER REHAB SKILLED	1500 SOUTH KANSAS AVENUE
RASPBERRYS GRAB N GO	323 N MAIN ST
CHINA GARDEN BROOKFIELD	400 W LOCKLING ST
LOS JIMADORES	521 EAST BRIGGS
CHINA GARDEN	511 E. BRIGGS DRIVE
THE BRICK MOBERLY	107 N WILLIAMS ST
CMPS MEADOW RIDGE SL	521 MEADOW RIDGE LN
VALLEY VIEW HLTH AND REHB	1600 E ROLLINS ST
EL VAQUERO-MOBERLY	702 NORTH MORLEY STREET
CHINA GARDEN MOBERLY	1720 CRETE ST STE G
DONS FAMILY RESTAURANT	315 HIGHWAY JJ
LOS AMIGOS MOBERY	1403 S MORLEY ST
THE CLUB AT OLD HAWTHORNE	6221 E HIGHWAY WW
MU HC MISSOURI ORTHOPEDIC	1100 VIRGINIA AVE
CAMPUS BAR AND GRILL	304 S 9TH ST STE 100
CJS IN TIGER COUNTRY	704 E BROADWAY
COLONY POINTE ALF	1510 CHAPEL HILL ROAD
CHINA GARDEN INC	3420 CLARK LN
MY HOUSE NIGHTCLUB & BAR	119 S 7TH ST
EL ESPOLON	2400 S LIMIT   #J
SYCAMORE RESTAURANT INC	800 E BROADWAY
MU GEN MATC FUEL	1107 S PROVIDENCE RD
TACOS4LIFE MO COLUMBIA	511 E GREEN MEADOWS RD
TIGER PLACE LLC	2910 BLUFF CREEK DR
COLUMBIA MANOR HEALTH RHB	2012 E NIFONG BLVD
BILLIARDS ON BROADWAY	514 E BROADWAY
FUJI 2	1000 INTERSTATE 70 DR SW
PREFERRED FAMILY HC JAMI	1101 SOUTH JAMISON
DINER 54 KIRKSVILLE	2700 S BALTIMORE ST
HIGHLAND CREST ALF	2204 S HALLIBURTON
HOLIDAY INN KIRKSVILLE	2523 S FRANKLIN ST
PREFERRED FAMILY HC LAHA	900 E LAHARPE
LA PA LLC	2216 S BALTIMORE ST
TK PRIME	1702 N BALTIMORE ST
KING'S BUFFET	1707 S BALTIMORE ST
MAXWELLS	215 W WASHINGTON ST
MI CASA MEXICAN RESTAURAN	512 S BALTIMORE ST
HEIDELBERG RESTAURANT	410 S 9TH
KAPPA DELTA SORORITY	606 ROLLINS ST
STEVES FAMILY STYLE RESTA	8705 ROUTE C
RIA'S REST & LOUNGE	3550 W EDGEWOOD DRIVE
EL ESPOLON-ROCK HILL	450 ROCK HILL RD
EL FRISON	2421 INDUSTRIAL DR
HIGH RISE BAKERY LLC	118 E HIGH ST
EL ESPOLON WEST ELM	418 W ELM ST
EL JIMADOR/MO BLVD	1410 MISSOURI BLVD
HUMPYS BAR AND GRILL	13211 RAILROAD AVE
JALISCO MEX REST - FULTON	1211 S BUSINESS 54
CANTERBURY HILL	1707 S SUMMIT DR
VEITS PUB & GRILL LLC	2314 LORENZO GREENE DRIVE
STEVES FAMILY STYLE TAOS	7212 ROUTE M
SOMO HIGHWAY PATROL ACAD	1510 EAST ELM STREET
GRAND CAFE LLC	107 E.HIGH STREET
CAPITOL PLZ JEFFERSON CTY	415 W MCCARTY ST
232 DOWNTOWN	232 E HIGH ST
EL ESPOLON-EASTLAND	915 EASTLAND DR STE E
TRES AGAVES	6332 STATE HIGHWAY B
4 AMIGOS MEXICAN RESTAURA	167 W SIMON BLVD
SUMMIT CAFE	172 W SIMON BLVD
MEADOW LAKE ACRES C CLUB	2600 MEADOW LAKE RD
THE ATELIER ELEMENTARY SC	9 DORADO DR
TEAL LAKE ALF	1722 HUNTINGFIELD DRIVE
HERITAGE HALL	750 E HIGHWAY 22
DOS ARCOS-CENTRALIA	150 W HWY 22
THE HUNGRY TIGER	100 N ROUTE B
RYDER/EFFINGHAM	1703 W FAYETTE AVE
NIEMERGS STEAK HOUSE	1410 W FAYETTE AVE
MARTINS IRONHORSE #370	101 S MERCHANT ST
FAIRFIELD INN AND SUITES	1111 N HENRIETTA ST
SARAH BUSH LNCLN FC HSPTL	650 W TAYLOR ST
LOS AMIGOS CARMINA	1611 VETERANS AVE
TONNYS CHINA BUFFET	825 NEW YORK DR
LOS AMIGOS EFFINGHAM	205 N KELLER DR
BEST WESTERN DELTA EFNGHM	1509 HAMPTON DR
MARIAS TACO HOUSE	3001 S BANKER ST
PUERTO VALLARTA/EL RANCHA	3005 S BANKER
FOX HOLLER COFFEE	1200 S BANKER ST
NEHEMIAHS	595 CHESTNUT AVE
LA LUNA MEXICAN RESTAURAN	1412 BROADWAY AVE
BST WESTERN HEARTLAND INN	1416 BROADWAY AVE E
SARAH BUSH LINCOLN HLTH C	1000 HEALTH CENTER DR
COLES COUNTY SHERIFF OFC	701 7TH ST
THE GREAT PUMPKIN PATCH	1749A CR 1900N
SC GREENUP REHAB & NURSIN	300 N MARIETTA ST
ROAD RANGER #269 MRSHLL	2003 IL HWY 1
PILOT #117400 MARSHAL	104 W TREFZ DR
CRAZY 8S GRILL	107 E MAIN ST
GF CARBONDALE RES CTR	1080 E PARK ST
SIUC TRUEBLOOD DINING	1175 WASHINGTON ST
SIUC LENTZ DINING	1275 POINT DR
MIDLAND INN	7570 OLD HWY 13
PKS BAR	308 S ILLINOIS AVE
EX MARION MWAMA	2609 BLUE HERON DRIVE
DON SOL MARION	2800 17TH ST
MARION - DEPOT DROP	2001 INDUSTRIAL PARK DR
IHC OF MARION	1301 E DEYOUNG ST
BENNIE'S ITALIAN FOOD	309 N MARKET ST
IHC OF HERRIN	1900 N PARK AVE
FARM FANCY BREWED BAKED A	1267 S WASHINGTON ST
FAIRFIELD MEMORIAL HO PMR	N W 11TH ST
DIMAGGIOS BROTHERS PIZZA	1312 W MAIN ST
MASSAC MEM HOSPITAL PRE B	28 CHICK STREET
DIVER DOWN	219 EAST MAIN STREET
POPE COUNTY SCHOOL	125 ILLINOIS 146
VIENNA DINER NEW	511 E VINE ST
CHAMNESS CARE INC	504 E 7TH ST
PULASKI BAR AND GRILL	103 S CHESTNUT ST
IHC OF ANNA	315 BRADY MILL RD
IHC OF COBDEN	430 S FRONT ST
FORK AND VINE	8595 US HWY 51 N
GIANT CITY LODGE	460 GIANT CITY LODGE ROAD
SIH ST JOSEPH HOSPITAL	2 SOUTH HOSPITAL DRIVE
EX MUFRY MDHMB	120 MUDDY MONSTER RD
17TH ST BAR 2	214 NO 17TH STREET
ELVERADO INTERMEDIATE	190 HARRISON ST
SERGIOS (MURPHYSBORO)	550 E INDUSTRIAL PARK RD
GRESA'S CAFE	108 N CHESTNUT ST
LOCUST STREET PUB	824 S LOCUST ST
EX SALEM SLOME	102 HOLIDAY LANE
FRANKLIN PARK SCHOOL	1325 N FRANKLIN
MARION COUNTY SHERIFF	204 N WASHINGTON ST
SMOKED TO THE BONE	309 N FRONT ST
CRUZ RESTAURANT LLC	185 BROADWAY STREET
MT VERNON - DEPOT DROP	1801 S 10TH
TIAGOS	1485 W BROADWAY
DRURY PLAZA HOTEL #166	145 N 44TH ST
HEAVY SMOKE BBQ	4270 N SERVICE RD
QDOBA #3042 MID RIVERS	6005 MID RIVERS MALL DR
PASTA HOUSE CO LINDBERGH	6214 S. LINDBERGH
PEEL PIZZA O'FALLON	104 S CHERRY ST
HOT SHOTS O FALLON	1319 CENTRAL PARK DR
QDOBA #2548 CHIPPEWA	6417 CHIPPEWA ST
QDOBA #2253 MAPLEWOOD	2001 MAPLEWOOD COMMONS DR
MAMA CAMPISI'S	2132 EDWARDS
HOT SHOTS EDWARDSVILE	2511 S STATE ROUTE 157
PASTA HOUSE EDWARDSVLL	1097 S STATE ST RT 157
QDOBA #2540 KIRKWOOD	481 S KIRKWOOD RD
QDOBA #2501 FOUNTAIN PL	15829 FOUNTAIN PLAZA DR
QDOBA #2172 CHESTERFIELD	16890 CHESTERFIELD AIRPOR
QDOBA #2523 TOWN COUNTRY	1082 TOWN & COUNTRY CROSS
SNARFS KIRKWOOD	10935 MANCHESTER RD
QDOBA #2923 CLAYTON	6701 CLAYTON RD
NUDO HOUSE OLIVE	11423 OLIVE BLVD
POST SPORTS CREVE CO #2	763 OLD BALLAS ROAD
QDOBA #2462 NEW BALLAS	766 N NEW BALLAS RD
LIONS CHOICE CRVE COE #02	12010 OLIVE BLVD
QDOBA #1780 ROCK ROAD	12121 SAINT CHARLES ROCK
3 OAKS - MASON POINTE	13190 S OUTER 40 RD
MARI DE VILLA     PREMIER	13900 CLAYTON RD
MEADOWBROOK CC	200 MEADOWBROOK COUNTRY C
FOREST HILLS COUNTRY CLUB	36 FOREST CLUB DR
03015904 EHC INST ST LUIS	998 WOODS MILL RD
HYATT REG STL RVR #52393	315 CHESTNUT ST
KOIBITO BALLPARK VILLAGE	601 CLARK AVE STE E
FOX SPORTS MIDWEST LIVE	601 CLARK STREET
CHRIS EAGLES NEST CAFE	111 S 10TH ST
FOUNTAIN ON LOCUST	3037 LOCUST ST
SALSA ROSADA	3135 OLIVE ST
SOUTHWEST DINER	6803 SOUTHWEST AVENUE
LA CHEF	7169 MANCHESTER RD
OH LONDON	11415 OLIVE BLVD
JERSEY MIKES #25015	12520 OLIVE BLVD
PARC PROVENCE PREMIER	605 COEUR DE VILLE DR
CLEAVER AND COCKTAIL	13360 CLAYTON ROAD, SUITE
AC MERCY CON RETREAT CNTR	2039 N GEYER RD
JERSEY MIKES #25008A	12113 MANCHESTER RD
ST AGNES HOME PREMIER	10341 MANCHESTER
UNCLE JULIOS #049 FRNTNAC	2011 S LINDBERGH BLVD
JERSEY MIKES #25014	2012 ZUMBEHL RD
QDOBA #1773 LINDENWOOD	209 S KINGSHIGHWAY ST
OVGV#2620 S STCHARLES CON	ONE CONVENTION CTR PLAZA
PLAYOFF II	221 WEST AVE
EL AGAVE ST CHARLES	3803 ELM ST
HOT SHOTS FENTON	950 S HIGHWAY DR
3 OAKS - MERAMEC BLUFFS	1 MERAMEC BLUFFS DR
3 OAKS - MERAMEC BLFS CC	1 MERAMEC BLUFFS DR
SNARFS FENTON	870 S HIGHWAY DR
DALIES SMOKEHOUSE	2951 DOUGHERTY FERRY RD
GARDEN VIEW CARE CTR  PMR	13612 BIG BEND ROAD
YOUNGS RESTAURANT AND CRE	206 MERAMEC STATION RD
WINGATE STL FENTON RTE 66	1100 S HIGHWAY DR
HERITAGE INN STS FENTON	1088 S HIGHWAY DR
FSC 455 MARIANIST RETREAT	4000 HIGHWAY 109
HMSF STLGREAT AMER.BAGEL	10751 NATURAL BRIDGE
HMSF STLGOF32 MIDTOWN	10701 LAMBERT
RENAISSANCE STL AIRPORT	9801 NATURAL BRIDGE ROAD
GATE GOURMET STL#1038	8725 SCUDDER AVE
JERSEY MIKES #25013	991 NW PLAZA DR
SOMO HAWTHORN CHILD PSYCH	1901 PENNSYLVANIA AVE
KPOT KOREAN BBQ	9140 OVERLAND PLZ
JERSEY MIKES #25027	8626 OLIVE BLVD
EL RANCHO NUEVO	1644 COUNTRY CLUB PLAZA
HOT SHOTS ST CHARLES	1636 COUNTRY CLUB PLAZA
GINGHAMS HOMESTYLE	1566 COUNTRY CLUB PLZ
GARDEN VIEW CR CTR OFALLN	700 GARDEN PATH
HEXS ST PETERS STLPE	50 RICHMOND CENTER BLVD
EL GUATAL	5885 SUEMANDY DR
SCRAMBLED EGGS	3350 MID RIVERS MALL
ETHYL'S WILDWOOD	8505 VETERANS MEMORIAL PA
HATTRICKS IRISH SPORTS PU	840 BRYAN RD
HWY P MARKET AND MEATS	464 HIGHWAY P
SPRNGHLL STS ST LOUIS ARP	3099 RIDER TRL S
JERSEY MIKES #25017	12676 DORSETT RD STE A
HOT SHOTS BRIDGETON	12154 SAINT CHARLES ROCK
COURTYARD ST. LOUIS ARPRT	3101 RIDER TRL S
COMPANION BAKING WESTPORT	2331 SCHUETZ RD
SOURCE JUICERY	228 N MAIN ST
3 OAKS - MERIDIAN VLG CC	27 AUERBACH PL
1818 CHOPHOUSE	6170 BENNET DRIVE
MARKET BASKET	447 S BUCHANAN
SAMM'S LAST CHANCE SALOON	1013 N MAIN ST
SNARFS MX	614 WASHINGTON AVE
MAGNOLIA HOTEL ST LOUIS	421 NORTH 8TH STREET
HOTEL INDIGO ST LOUIS	501 OLIVE ST
A-1 FOOD SUPPLY	1601 N 7TH ST
LIONS CHOICE CHIPPEWA #16	6630 CHIPPEWA ST
MARY QUEEN AND MOTHER	7601 WATSON
3 OAKS - LACLEDE OAKS	703 S LACLEDE STATION RD
REGINA CLERI HOME PREMIER	10 ARCHBISHOP MAY DRIVE
KC #301539 KIRKWOOD	341 SOUTH KIRKWOOD ROAD
STRAUB'S	211 W LOCKWOOD
ART OF ENTERTAINING	8796 BIG BEND RD
THE PARKMOOR DRIVE IN	220 W LOCKWOOD AVE
STORMING CRAB	1242 S KIRKWOOD RD
3 OAKS - BREEZE PARK	600 BREEZE PARK DR
TAP AND TABLE	1048 WOLFRUM RD
CJS RESTAURANT AND BAR	2974 STATE HIGHWAY K
JERSEY MIKES #25005A	2508 HIGHWAY K
TACOS4LIFE MO001 OFALLON	2998 STATE HIGHWAY K
CASA TEQUILA	905 CALEDONIA DR
JERSEY MIKE'S #25031	1039 SOUTHERN RIDGE LN
HALFTIME PUB AND GRILL	2129 PARKWAY DR
PASTA HOUSE UNION FR	101 E INDEPENDENCE DR
MGM SUNSET HEALTHCARE	400 W PARK AVE
TILTED SKILLET UNION	500 US HIGHWAY 50
TIPSY KEG	516 W FRONT ST
TILTED SKILLET	323A W 5TH ST
FSC 520 ST FRANCIS BORGIA	1000 BORGIA DR
GUFFEYS	1451 HIGH ST
TACO LOCO	2016 WASHINGTON XING
JERSEY MIKES #25032	3061 PHOENIX CENTER DR
OASIS LANES	120 DELL CENTRE WAY
MONARCH BISTRO AT DG	14767 N OUTER 40 RD
STEVES HOT DOGS DISTRICT	17089 N OUTER 40 RD
KINWELL AT CHESTERFIELD	16300 JUSTUS POST RD
FAIRFIELD INN ST LOUIS-CH	1065 CHESTERFIELD PKWY
HYATT PLACE CHSTRFLD COMP	333 CHESTERFIELD CTR EAST
CAE #901 CHESTERFIELD	15405 OLIVE BLVD
VIVIANOS WEST	150 FOUR SEASONS CENTER
EX WENTZVILLE STLWS	1100 LODORA DRIVE
JERSEY MIKES #25016	1570 WENTZVILLE PKWY
WEST ALLEN GRILL	9 W ALLEN ST
BEAR CREEK GOLF CLUB	158 BEAR CREEK DR
TACO LOCO 2	100 S MAIN ST
CASA TEQUILA	1000 WARRENTON OUTLET CTR
MK RANCH BAR AND GRILL	1000 WARRENTON SHOPPES
HOLDAY INN XPS WARRENTON	1008 NORTH HIGHWAY 47
MISS SHERIS 3/SOTHFLD	5406 SOUTH LINDBERGH
BARTOLINOS SOUTH	5914 S LINDBERGH
NAZARETH LIV CTR SR CARE	2 NAZARETH LANE
NAZARETH LVNG CTR VILLAGE	3 NAZARETH LANE
FAIRFIELD INN & STS STL S	4318 BUTLER HILL RD
DELMAR GARDENS SOUTH	5300 BUTLER HILL RD
GARDEN VILLAS SOUTH	13457 TESSON FERRY RD.
DUKES BBQ SHACK LLC	100 ASH ST
TWIN OAKS AT HERITAGE POI	228 SAVANNAH TERRACE DR
SUNRISE RANCH	909 MAIN PLAZA DR
HARRY JS STEAKHOUSE	300 MAIN ST
FIVE FINGER WINGS	171 MOSCOW SPRINGS PLZ
SUGAR CREEK ALF	161 PROFESSIONAL PARKWAY
SAMIS RESTAURANT	190 S LINCOLN DR
LIONS CHOICE TROY #82	4 MERLIN DR
ZADOCK'S RESTAURANT	# 7 TROY SQUARE
FACTORY DINER II	814 MARKET ST
SOMO S E MO MENTAL HEALTH	1010 WEST COLUMBIA
SOMO SEMO MEN HTH CANTEEN	1010 W COLUMBIA ST
HOLIDAY INN EXP FARMINGTN	820 MARKET ST
MACS TIME OUT	315 BELLE STREET
FSC 710 MARQUETTE HS	219 E 4TH ST
TONYS	102 W 9TH ST
OSF ST ANTHONY HEALTH CTR	1 ST ANTHONY WAY
ALTON SPORTS TAP	3812 COLLEGE AVE
GUMBO TO GEAUX	1808 WASHINGTON AVE
VILLAGE INN PANCAKE HOUSE	2611 COLLEGE AVE
TAQUERIA MAYA	2621 COLLEGE AVE
POLLYS FAMILY RESTAURANT	15 S STANLEY RD
TONAS MEXICAN RESTAURANT	1221 STRASSNER DR
SPRINGHILL SUITES BRENTWD	1231 STRASSNER DR
POST SPORTS MAPLEWOOD #1	7372 MANCHESTER ROAD
GUSS ST LOUIS	7434 MANCHESTER RD
FAROTTOS ROCK HILL	9525 MANCHESTER RD
CARLS IV	9033 MANCHESTER RD
HOMEWOOD STS STL GALLERIA	8040 CLAYTON RD
COURTYARD RICHMOND HEIGHT	8101 DALE AVENUE
FAVAZZAS ON THE HILL	5201 SOUTHWEST AVE
RITZ CARLTON  ST LOUIS	100 CARONDELET PL
NUDO HOUSE DELMAR	6105A DELMAR BLVD
CAFE NAPOLI RESTAURANT	7754 FORSYTH BLVD
PASTA HOUSE CO CATERING	2200 59TH STREET
ALLEGRO IN RICHMOND HGTS	1055 BELLEVUE AVE
BEAST WASH U	1 BROOKINGS DR
MAIN ST CAFE	1601 W MAIN ST
BENEDICTINE LVN CM SHRINE	726 COMMUNITY DR
GATEWAY GRIZZLIES	2301 GRIZZLIE BEAR BLVD
THE ROUND TABLE CAFE	11 N 64TH ST
THE EDGE	701 S BELT W
ECKERTS - RESTAURANT	951 S GREENMOUNT ROAD
ECKERTS - BAKERY	951 S GREENMOUNT ROAD
LOS AMIGOS BELLEVILLE	2630 MASCOUTAH AVE
SILVER CREEK SPORTS AND S	2520 MASCOUTAH AVE
HOKKAIDO SEAFOOD BUFFET	4580 N ILLINOIS ST
GEOS WINGS AND MORE	4307 W MAIN ST
TRIPLE STICKS FOODS, LLC	9200 W MAIN ST
CMPS GARDEN PL WATERLOO	735 COLUMBIA AVE
TOP SHOOTERS	531 OLD STATE ROUTE 3
ACORNS GOLF LINKS	3933 AHNE ROAD
CASA ROMERO	512 S MARKET ST
TEQUILA SMITHTON	500 S MAIN ST
NEXT UP	341 MARKETPLACE DR
TEQUILA MEXICAN RESTAURAN	341 MARKETPLACE DRIVE
SUNRISE MILLSTADT	548 E WASHINGTON ST
JERSEY MIKES #25023	5684 TELEGRAPH RD STE
JERSEY MIKES #25022	5450 SOUTHFIELD CTR
3 OAKS - LACLEDE GROVES	723 S LACLEDE STATION RD
GRANTS FARM	10501 GRAVOIS RD
HOT SHOTS WEBSTER	1239 LACLEDE STATION RD
SAMS STEAKHOUSE	10205 GRAVOIS RD
JERSEY MIKES #25001B	8567 WATSON RD STE B
MGM SHERBROOKE VILLAGE	4005 RIPA AVE
GREAT HEART BREWING COMPA	9514 OLIVE BLVD
MCKNIGHT PLACE EXTEND PMR	2 MCKNIGHT PLACE
MCKNIGHT PLACE ALF	3 MCKNIGHT PLACE
GATESWORTH	1 MCKNIGHT PLACE
STRAUB'S CLAYTON	8282 FORSYTHE
HAMPTON INN CLAYTON	216 N MERAMEC AVE
WINSLOW'S TABLE	7213 DELMAR BLVD
POMODOROS INC	3618 JEFFCO BLVD
DOUGH DEPOT	216 MARKET STREET
BLUE OWL KIMMSWICK	6116 2ND STREET
HERRELL'S MARKET	1015 MAIN ST
SMOKEE MO'S	606 JEFFCO BLVD
HOT SHOTS ARNOLD	131 ARNOLD CROSSROADS CTR
HOLTIES PUB	1374 OLD STATE ROAD M
EX ST LOUIS STLML	4250 MID AMERICA LN
LIONS CHOICE ARNOLD #20	943 JEFFCO BLVD
REVELA AT OFALLON	1022 E WESLEY DR
AD 1290 SHILOH	3240 GREEN MOUNT CROSSING
FRIDAS COCINA	823 LINCOLN HIGHWAY SUITE
HOLIDAYI INN FAIRVIEW HTS	313 SALEM PLACE
COUNTRY INN FAIRVIEW HTS	140 LUDWIG DR
URBAN AIR FAIRVIEW HGHTS	65 LUDWIG DR
RED APPLE-MARYVILLE	2625 N CENTER
BOOGIES II RESTAURANT N S	2082 VADALABENE DR
THE WOODEN NICKEL PUB AND	171 S MAIN ST
TROY FAMILY RESTAURANT	307 BARGRAVES BLVD
ALFONZOS PIZZARIA	611 EDWARDSVILLE RD
GLEN ECHO COUNTRY CLUB	3401 LUCAS AND HUNT RD
MGM ARBOR HILL CARE REHAB	800 CHAMBERS RD
FSC 150 ST CATHERINE	3350 SAINT CATHERINE ST
LAKEVIEW POST ACUTE	1201 GARDEN PLAZA DR
SHISHKOBOB HOUSE AND MORE	322 TAYLOR RD
MGM FLORISSANT VAL HEALTH	1200 GRAHAM RD
MALLY'S MARKET	7445 W. FLORISSANT
UPTOWN MARKET	100 SHEPLEY DR
SENIOR SERVICES PLUS PMR	2603 N RODGERS
PETES LOUNGE	100 BIG ARCH ROAD
HCSG BEVER41 BEVERLY FOUN	6301 HUMBERT RD
ARANDAS MIX COCINA	3200 GODFREY RD
TERRAPIN PLACE PIZZA	101 S STATE ST
CHARCOAL HOUSE TAVERN	818 W CARPENTER ST
NICKS PANCAKE HOUSE	891 SOUTH STATE ST
OLIVE BRANCH	1668 S STATE ST
FOUNTAIN HILL	1500 W MAIN ST
TACO BUDDHA KWOOD	11111 MANCHESTER RD
JOHNNY HIDEOUT	3367 HIGH RIDGE BLVD
WALLIS MOTO CEDAR HILL	7005 OLD HIGHWAY 30
FOUR LAKES	5925 PLANTATION DR
POGOLINOS DESOTO	530 N 2ND ST
EL LOBO ROJO	106 N MAIN ST
FSC 377 ST FRANCIS CABRIN	3022 OREGON AVE
SNARFS SLU	374 S GRAND BLVD
TACOS4LIFE MIDTOWN	3763 FOREST PARK AVE
HUMPHREYS	3700 LACLEDE AVE
JAZZ BISTRO	3536 WASHINGTON AVE
FOX ASSOCIATES LLC	529 N GRAND
BEST STEAK HOUSE	516 N. GRAND
ANGAD ARTS HOTEL ST LOUIS	3550 SAMUEL T SHEPARD DR
BAILEYS RANGE ON SHAW	4175 SHAW BLVD
03015900 EHC INST ST LS	4455 DUNCAN AVE
MGM OAK PARK CARE CENTER	6637 BERTHOLD AVE
QDOBA #2930 ST LOUIS UNIV	20 N GRAND BLVD
JERSEY MIKES #25025	1230 S KIRKWOOD RD
TWISTED TREE LLC	10701 WATSON ROAD
KINWELL AT SUNSET HILLS	12470 ROTT RD
DULANYS GRILLE & PUB	9940 KENNERLY CENTER
DOUBLE D PIZZERIA	13150 TESSON FERRY RD
THE MAIN HOUSE	500 S MAIN ST
MOUDYS BAR AND GRILL	2151 WEST TERRA
TAORMINA'S SICILIAN RESTA	892 E CHERRY ST
EL MAGUEY LAKE STL	6125 RONALD REAGAN DR
SAVANNAH'S RESTAURANT AND	6770 MALL DR
BTOWN DINER	312 BETHALTO DRIVE
VENECIAS	1205 E EDWARDSVILLE RD
AMIGO SOLE PNTO	6102 DELMAR BLVD
CRUSH COCKTAILS PNTO	4128 MANCHESTER AVE
ROCKWELL BREWING PNTO	1320 S VANDEVENTER AVE
NO ORDINARY RABBIT PNTO	1621 TOWER GROVE AVE
FRIENDLYS BAR PNTO	3503 ROGER PL
X GOLF PNTO	4476 LEMAY FERRY RD
TIDY JONS PNTO	12 FERRY ST
PINK MARGARITAS PNTO	1424 JEFFCO BLVD
OAT AND HONEY PNTO	624 N NEW BALLAS RD
TOAST AND THYME PNTO	231 S BEMISTON AVE
KICKIN CRAB PNTO	9616 OLIVE BLVD
PIERCE CREEK PNTO	10405 OLD OLIVE ST RD
SAWMILL DES PERES PNTO	1090 OLD DES PERES RD
SAUCI PNTO	1990 1ST CAPITOL DR
LA BELLE VIE PNTO	1200 N 2ND ST
PANTERAS PIZZA PNTO	7209 N LINDBERGH BLVD
BJ'S BAR PNTO	184 WASHINGTON ST
ECLIPSE SIG EP	405 KENTUCKY BLVD
BETA SIGMA PSI	206 S COLLEGE AVE
SIGMA CHI - MIZZOU	500 S COLLEGE AVE
FLY OVER  COLUMBIA	212 E GREEN MEADOWS RD
TROPICAL LIQUORS SOUTH	3805 S PROVIDENCE RD
SOUTHSIDE PIZZA	3908 PEACHTREE DR
HARTSBURG GRAND	30 S 2ND ST
THEOS MIDTOWN	620 W MCCARTY ST
PREFERRED FAMILY HC ADAMS	101 ADAMS ST
PAPA D'S MAN CAVE LLC	9012 RAILROAD ST
THE NEIGHBORHOODS TIGER	3003 FALLING LEAF COURT
BLUFF CREEK TERRACE	3104 BLUFF CREEK DR
TRU COLOMBIA	4401 S PONDEROSA ST
O2B KIDS WEST COLUMBIA	4300 RAINBOW TROUT DR
DELTA GAMMA - MU CHAPTER	900 S PROVIDENCE RD
GOLDEN CORRAL #664	3421 CLARK LN
ROCHEPORT GENERAL STORE	202 CENTRAL ST
HARTMANN VILLAGE	615 RANKIN MILL LN
COOPER COUNTY LAW ENFOR	200 MAIN
COCO LOCO CUBAN CAFE	310 MAIN ST
WJ'S	418 6TH STREET
KEEP IT FIT KITCHEN	416 HIGHWAY 5 AND 40
EL MARIACHI	301 S MILLER ST
GUERRERO MEXICAN CUISINE	27 N LAFAYETTE AVE
MEXICO LINDO	346 N LAFAYETTE
BECKETTS LLC	510 1ST STREET
LAFAYETTE ON THE SQUARE	104 N CHURCH ST
CHERRY STREET CELLAR	505 CHERRY ST
FORUM 8	1209 FORUM KATY PKWY
FULTON DINER	2101 N BLUFF ST
BEKS	511 COURT ST
BROOKLYN PIZZA	501 COURT ST
POST OFFICE BAR AND GRILL	10 W 5TH ST
1851 UNDERGROUND TAP & GR	111 E 5TH STREET
OHANA PIZZERIA	61 W 2ND ST
MISSOURI BPT CNV-DSTR RLF	2252 HIGH POINT RD
EL POBLANO GRILL CANTINA	1850 SOUTHRIDGE DR
BOGEYS	14005 REDFIELD DR
BANDIDOS MO LLC	434 U.S. 50
MIDPOINT CAFE	1002 15TH ST
MAXWELL HOUSE CAFE	104 W. SECOND ST.
PALESTINE GRADE SCHOOL	205 S WASHINGTON
COUNTRY VIEW INN	100 ABRAHAM LINCOLN D ST
SC ROBINSON RHAB NRSNG	600 ROBINWOOD DR
TUSCANY	1500 W LOCUST ST
GOPHER GRILL	206 W JEFFERSON AVE
HOMEWOOD GRILL	1002 W FAYETTE AVE
COUNTRY RHODES LLC	305 PROFESSIONAL PARK AVE
FLORAS DINER	800 N OLIVE RD
DON LUNA CARBONDALE	2141 S ILLINOIS AVE
BEST WESTERN SALUKI 14191	801 N GIANT CITY RD
WALKERS BLUFF CASINO RST	777 WALKERS BLUFF WAY
EL JALISCO MURPHYSBORO	501 N 14TH ST
TRIPLE E BBQ #1	12146 LAKE OF EGYPT RD
R2R RIVER TO RIVER MARION	1515 E DEYOUNG ST
R2R THE ANCHOR	1515 SANDBAR DR
NEW RED ONION	166 W LANE ST
SC GALLATIN MANOR	900 W RACE ST
FERRELL HOSPITAL	1201 PINE STREET
VILLAGE PIZZA AND GRILL	201 E MAIN ST
SIH HERRIN HOSPITAL	201 SOUTH 14TH
EL JALISCO	504 N PARK AVE
BACKYARD BURGERS	2807 OUTER DR
TRICO JUNIOR AND SENIOR H	16533 HIGHWAY 4
TRICO ELEMENTARY SCHOOL	16343 HIGHWAY 4
PARKWOOD MEADOWS ALF	805 PARKWOOD DR
PARKWOOD MEADOWS MC	807 PARKWOOD DR
ST. NICKS BREWERY	111 FERRY ST
LOS AMIGOS	106 W STACEY ST
DIXIE CREAM DONUTS AND	510 W MAIN
COZY TABLE RESTAURANT	1514 N MAIN ST
LAS OLLAS	205 W EGYPTIAN AVE
DON LUNA 2	1012 W MAIN ST
EL JALISCO JOHNSTON CITY	1309 GRAND AVE
TRIPLE E BBQ II	706 WEST ROBINSON STREET
DON LUNA MARION	407 EAST MAIN
20'S HIDEOUT STEAK	2606 W MAIN
SLIP IN SALOON	532 N KASKASKIA ST
BONNIE CAFE NASHVILLE IL	834 N MILL ST
CENTRALIA HIGH 200	2100 E CALUMET
TEQUILAS	103 E BROADWAY
SANDOVAL GRADE SCHOOL	300 PERRY AVE
BEST WESTERN PLUS CENTRAL	8145 JOLLIFF BRIDGE RD
JERRYS RESTAURANT & BAR	835 WABASH
BLUEROOM TAVERN	214 NORTH MAIN
SUNSHINE CENTER	1217 PERKINS AVE
SALEM TOWNSHIP HOSPITAL	1201 RICKER RD
IRON SADDLE RESTAURANT	3734 CROSS RD
TEQUILA OF MCLEANSBORO	1105 E RANDOLPH ST.
MAIN STREET DINER	109 W MAIN ST
THE FRONT PORCH	608 E RANDOLPH ST
MAIN STREET CAFE	214 EAST MAIN STREET
WELLS ELEMENTARY SCHOOL	704 W NORTH ST
CACTUS CUSINE	805 W 3RD ST
HVS FOOD AND SPIRITS	317 SOUTH WEST STREET
ADAMS POINTE ALF	213 NORTH 48TH STREET
ARBORS ADAMS POINTE MC	201 NORTH 48TH
CENTENNIAL POINT	3440 HEDLEY ROAD
CENTENNIAL POINTE MC	3430 HEDLEY ROAD
COMFORT INN STES HANNIBAL	4000 MARKET ST
DOS PRIMOS BOWLING GREEN	1237 S BUSINESS 61
BOWLING GREEN DINER	19 S BUSINESS 61
MI MARGARITA	6 N COURT ST
DOS PRIMOS LOUISIANA 1	3215 GEORGIA ST
K CS	3424 W GEORGIA ST
SOMO WOMEN E DIAG & CTN C	1101 E US HIGHWAY 54
FIRST BITE	3650 STARDUST DR
SAINTS AVENUE CAFE CANTON	1703 OAK ST
PRIMOS	107 N 4TH ST
FSC 10 SPECIALIZED CATRNG	8534 WATSON RD
ROOSTER'S GRAND	3150 SOUTH GRAND BLVD
PASTA HOUSE CO KIRKWOOD	10312 MANCHESTER RD
PASTA HOUSE CO ELLISVILLE	15601 MANCHESTER RD
FSC 201 DESMET HIGH SCHL	233 N NEW BALLAS RD
CHUCKS HOT CHICKEN	11648 DORSETT RD
FSC 203 ST LOUIS UNIV HS	4970 OAKLAND AVE
SLEEP INN ST ROBERT	562 OLD ROUTE 66
WILLOW RIDGE CATERING	2929 GREEN MOUNTAIN DR
COURTYARD SPRINGFLD AIRPT	3527 W KEARNEY ST
LAQUINTA INN STS AIRPORT	2445 N AIRPORT PLAZA AVE
PREFERRED FAM HC JOPLIN	5620 W. WILDWOOD PARKWAY
AMERICOLD	1331 CIVIL WAR RD
COURTYARD CAPE GIRARDEAU	400 BROADWAY ST
FAIRFIELD INN CAPE GIRARD	433 CAPE WEST CROSSINGS
UNIV SCHOOL YOUNG CHILDRN	2089 BESSIE ST
AUBURN CREEK	2910 BEAVERCREEK DRIVE
AUBURN CREEK MC	2906 BEAVER CREEK DR
CHAFFEE NC AMERICARE SYS	12273 STATE HWY 77
LA BONNE MASION	226 PLAZA DRIVE
SUPER 8 BY WYNDHAM	310 S Story St
SOMO SHADY GROVE ST SCHL	2400 HIGH ST
SOMO S E MO RESIDENT SERV	2351 KANELL BOULEVARD
CHUCKS HOT CHICKEN OFALLO	2758 HIGHWAY K
TIMBER CREEK GRILL	1120 TECHNOLOGY DR STE 10
MESSINA FARMS LLC	5535 STATE HIGHWAY N
TOUCHDOWN SPORTS BAR	2922 HWY K
SWEET SPOT CAFE LLC	3586 ADIE RD
OL HENRYS RESTAURANT	8600 AIRPORT RD
LOTA CHICKEN	14065 NEW HALLS FERRY RD
NEW YORK GRILL LINDBERGH	540 NORTH HIGHWAY 67
NY GRILL HOWDERSHELL	158 HOWDERSHELL RD
SKATE CITY COACHLITE	3754 PENNRIDGE DR
NEW YORK GRILL  HAZELWOOD	7441 N LINDBERGH BLVD
NEW YORK GRILL VAILE	3805 VAILE AVE
NEW YORK GRILL DELLWOOD	9901 W FLORISSANT AVE
C & K BARBECUE	4390 JENNINGS STATION RD
TACO BUDDHA BOTANICAL HEI	1634 TOWER GROVE AVE
ZIAS	5256 WILSON AVE.
CHUCKS HOT CHICKEN KINGSH	3155 S KINGSHIGHWAY BLVD
SASSAFRAS@MOBOT	4344 SHAW BLVD
DRURY INN & SUITES #136	2111 SULPHUR AVE
CATERING ST LOUIS MAIN	2141 59TH ST
SLOANS PUB HOUSE	119 W MAIN ST
RIO GRANDE MX COCINA	47 LUDWIG DR
SHOGUN STKHSE - FVW HGHTS	314 FOUNTAINS PARKWAY
OLDE BRIDGE INN	519 N MAIN ST
TRES CAMINOS CASEYVILLE	601 N MAIN ST
LARKSPUR LAND STL RIVERPT	13639 RIVERPORT DRIVE
KOBE WESTPORT 2	645 WESTPORT PLAZA DRIVE
SUNRISE RESTAURANT	3500 N LINDBERGH BLVD
ROMA GROCERY CO	800 N 17TH STREET
COURTYARD DOWNTOWN STL	2340 MARKET ST
RONS HALL STREET	8430 HALL ST
MADISON COUNTY JAIL	405 RANDLE STREET
NORTH MAIN DINER	146 N MAIN ST
PALENQUE	101 N MAIN ST
NEW YORK GRILL FLOWER VAL	41 FLOWER VALLEY SHOPPING
BELLEVILLE SCHOOL D# 118	840 ROYAL HEIGHTS RD
MARIACHIS MILLSTADT	717 WEST WASHINGTON
BULLPEN INC	201 KASKASKIA ST
EL JACAL	1550 E STATE ROUTE 15
BACK STREET WINE AND DINE	310 EAST BACK STREET
AG FOREST PARK GOLF CLUB	6141 LAGOON DRIVE
PASTA HOUSE CO LADUE	8831 LADUE ROAD
TACO BUDDHA U CITY	7405 PERSHING AVE
ABELARDOS SAINT LOUIS	8307 PAGE AVE
UNIVERSITY CITY CHILDRENS	6646 VERNON AVE
SOMO FAMILY COURT STL CO	105 S CENTRAL AVE
AVENUE	12 NORTH MERAMEC AVE
CHRIST THE KING SCHOOL	7324 BALSON AVE
RAYS SPORTS HOUSE	1732 S 9TH ST
SMART KITCHEN SOLUTIONS	8025 MACKENZIE RD
AC ST MARYS CATHOLIC HS	4701 S GRAND BLVD
FSC 400 ST GABRIEL	4711 TAMM AVE
FRAZER'S RESTARANT	1811 PESTALOZZI ST
MARIACHIS II MEXICAN REST	4625 GRAVOIS AVE
SONESTA ES STS STL CHSTRF	15431 CONWAY RD
JERSEY MIKES #25003B	17273 CHESTERFIELD AIRPOR
FSC 436 ST ALBAN ROE	2005 SHEPARD RD
GO PLAY LLC	140 LONG RD STE 108
SUWALLER'S BAR & GRL	2101 N WARSON ROAD
PASTA HOUSE CO BALLAS	700 N NEW BALLAS RD
OISHI - BALLAS ROAD	721 N NEW BALLAS RD
DRURY PLAZA HOTEL #62	11980 OLIVE BLVD
CAE 905 BEAGLE	13444 BEAGLE LN
BRACKET CLUB	1030 WOODCREST TERRACE DR
KAUHALE CREVE COEUR LLC	450 N LINDBERGH BLVD
IMMANUEL LUTHERAN	9733 OLIVE
KYOTO STEAKHOUSE OF JAPAN	4054 N CLOVERLEAF DR
TWIN OAKS ESTATE INC	707 EMGE RD
CHUBBYS RESTAURANT	100 HIGHWAY C
CHIHUAHUA'S/TROY	101 N LINCOLN DR
DOS PRIMO TROY MO	25 THE LA PLAZA
BISON RIDGE SMOKEHOUSE AN	180 E CHERRY ST
MUSTANG SALLYS BAR AND GR	440 MAIN ST
TRAX PIZZA COMPANY	316 MAIN STREET
STL KOLACHE SUNSET HILLS	1530 S KIRKWOOD RD
VIANNEY HIGH SCHOOL	1311 KIRKWOOD ROAD
WESTBOROUGH CNTRY CLUB	631 S BERRY ROAD
CHUCKS HOT CHICKEN ROCK H	9816 MANCHESTER RD
HWY 61 ROADHOUSE	34 S OLD ORCHARD AVE
SAN JOSE	9570 WATSON RD
URBAN AIR SUNSET HILLS	10990 SUNSET HILLS PLAZA
HILTON ST LOUIS FRONTENAC	1335 S LINDBERGH BLVD
BRICKHOUSE BAR AND GRILL	866 SPARTA ST
TIFF'S CAFE LLC	102 E NORTH RAILROAD ST
CMPS GARDEN PL RED BUD	351 LOCKWOOD DR
DAVE AND JOYCES COUNTRY	509 N MAIN
DICARLOS PIZZA	1520 S MAIN
PRAIRIE DUROCHER SCHOOL	714 MIDDLE STREET
SPARTA COMMUNITY HOSP AMR	818 EAST BROADWAY
RANDOLPH COUNTY CARE CTR	312 W BELMONT
LOLLIES CAFE	1775 N MARKET ST
ROUTE 4 RESTAURANT	1705 NORTH MARKET
JALISCO	201 S MAIN ST
FLYING J #67400 WARRENTON	#1 CAMP BRANCH RD
CHILD EVANGELISM	17482 STATE HWY M
MR FUEL #71500 FORISTELL	11 HWY W
TA MAINT #0175990 FORISTE	3265 N SERVICE RD E
ROOKIES WENTZVILLE	15358 VETERANS MEMORIAL P
FSC 640 ST THDRE CATH SCH	5051 HIGHWAY P
LIVESTOCK BAR AND GRILL	101 N LOCUST ST
SUPER 8  WARRENTON	1429 NE SERVICE RD
SOCIAL HOUSE 227	227 E MAIN STREET
DOS PRIMOS MONTGOMERY CIT	209 STURGEON STREET
DRURY INN & SUITES #117	5 LAMBERT DRURY DR
ST LOUIS SOCCER PARK	1 SOCCER PARK RD
PEGGS RESTAURANT	1001 CROSSROADS PLACE
WASHINGTON PL AL	2800 RABBIT TRAIL DR.
ALDOS PIZZA	1201 JEFFERSON ST
WILLIAMS BROS MEAT MKT	607 W 5TH STREET
SWISS PROCESSING	2056 S HWY 19
RHINELAND POINTE RL	2120 VILLAGE LANE
STONE HILL WINERY	1110 STONE HILL HWY
4TH STREET PIZZA	113 E 4TH ST
ZYDECO	112 E 5TH ST
CHUCKS HOT CHICKEN ARNOLD	231 ARNOLD CROSSROADS
STL KOLACHE ARNOLD	1249 WATER TOWER PL
FSC 395 HLY FAMILY SCHOOL	2316 CHURCH RD
HOT SHOTS S LINDBERGH	7571 S LINDBERGH BLVD
WALLIS MOTO GRAY SUMMIT	3628 WEST OSAGE
MIYABI SUSHI BAR STKHSE	892 ARNOLD COMMONS DR
CAE #904 IMPERIAL	2862 SECKMAN RD
ST. CLAIR PLACE AL	160 CHARLES DR.
BLONDIES BREEZEWAY	515 HIBBARD ST
ST CLAIR NURSING CENTER	1035 PLAZA COURT NORTH
WALLIS MOTO ST CLAIR	1445 N MAIN ST
WILLOW BROOKE	1 POTOMEC COURT
UNION POINTE AL	1320 W. MAIN ST.
THUNDER ALLEY OWENSVILLE	1011 HWY 19
FIONAS FAMILY REST	595 E EDWARDSVILLE RD
SPARKYS WR	1112 MADISON ST
JULIAS CATERING ALTON	101 EASTGATE PLZ
JOSEPHINES TEA ROOM	6109 GODFREY RD
TONYS RANCH HOUSE	3330 GODFREY RD
LOADING DOCK	400 FRONT ST
THOMAS H BOYD MEM HOSPITL	800 SCHOOL ST
OUR LADY QUEEN OF PEACE	132 BUTCHER ST
16 BAR AND GRILL	264 E RAILROAD ST
HAWTHORN TREE	242 E SIDE SQ
MAVERICK	201 OHREN DR
THE LUNCH COMPANY	102 N 2ND ST
KAHUNAS BURGERS	104 W HARRIS AVE
LOS AMIGOS GREENVILLE	1745 STATE RD ROUTE 127
CYGAN DELANEY CATERING	808 BROADWAY
DON OLE	721 BROADWAY
FIESTA BRAVA	12621 IL-143
DUDS	413 E CENTRAL AVE
RED ROOSTER BREW WORKS	123 E SEWARD ST
PASTA HOUSE FESTUS	1606 GALEMORE
POGOLINOS/FESTUS	29 EAST MAIN STREET
KETTELHUTS SMOKEHOUSE	1267 NORTH TRUMAN BLVD
PILOT #71800	8915 WEIER RD
1037 JEFFERSON COLLEGE	1000 VIKING DR
SAUCY'S PIZZA HILLSBORO	10859 OLD HWY 21
AMERICAN KOLACHE OFALLON	521 W HIGHWAY 50
TIOS	204 SCOTT TROY RD
BRIGHTLY SR LIVING MASOUT	649 LEGACY PLACE
GERMANTOWN ELEM SCH DIST	401 WALNUT ST
DAMIANSVILLE ELEM SCH	101 E MAIN ST
ALBERS GRADE SCH DIST 63	206 N BROADWAY
AVISTON ELEMENTARY SCHOOL	350 S HULL
POPEYES CHOPHOUSE2	17910 SAINT ROSE RD
ST ROSE ELEMENTARY S	18004 ST ROSE RD
OLD 50 CAFE	870 FRANKLIN ST
HOMETOWN CAFE	401 CLINTON ST
LOS AMIGOS III	5 RESORT DR
GOVERNORS RUN	3300 GOVERNORS DR
PRIMROSE SCHOOL OF BALLWN	15031 MANCHESTER RD
FSC 461 HOPE MONTESSORI	16554 CLAYTON RD
KS THE CNTRY CLB ST ALBNS	3165 SAINT ALBANS RD
LETTY LOU'S CAFE	17209 NEW COLLEGE AVE
MULLIGAN'S GRILL	11 CLARKSON RD
AC CARDINAL RTTR CLG PRET	701 N SPRING AVE
THE KITCHEN BAR	3730 FOUNDRY WAY # 3
FSC 205 ST JOSEPH ACADEMY	2307 S LINDBERGH BLVD
FSC 908 VISITATION ACAD	3020 N BALLAS RD
BOARDWALK CAFE WEBSTER	600 E. LOCKWOOD
NOURISH - WESTMINISTER	800 MARYVILLE CENTER DR.
ROBERTOS	145 CONCORD PLAZA SHOPPIN
ST CLEMENT ATHLETIC   *B*	1508 BOPP ROAD
GARDEN VIEW CARE CENTER	1025 CHESTERFIELD POINTE
COURTYARD-WESTPORT	11888 WESTLINE INDUSTRIAL
FSC 385 HOLY SPRT CTH SCH	3120 PARKWOOD LN
BREW BITES PNTO	6662 DELMAR BLVD
SHOGUN PNTO	10550 BAPTIST CHURCH RD
TACOS UNO PNTO	4319 TELEGRAPH RD
3MIX BBQ PNTO	15622 MANCHESTER RD
QUICK CRAVE PNTO	2313 MCKELVEY RD STE B
MIDWESTERN ON MAIN PNTO	208 N MAIN ST
LANEYS ON TUCKER PNTO	220 S TUCKER BLVD
BUDDYS WINE PNTO	1001 WASHINGTON AVE
POLITE SOCIETY PNTO	1923 PARK AVE
TUCKERS SOULARD PNTO	2117 S 12TH ST
BENTON PARK CAFE PNTO	2901 SALENA ST
PRESS PIZZA + PASTA PNTO	2509 S JEFFERSON AVE
LA CRAZY MARGARITA PNTO	3131 S GRAND BLVD
MY PLACE PNTO	7401 WATSON RD
BAGEL UNION PNTO	8705 BIG BEND BLVD
DD MAU WEBSTER PNTO	8169 BIG BEND BLVD
AMERICAN LEGION POST # 5N	1423 TANNERBRIDGE RD
TAQUERIA EL TAPATIO L	3600 COUNTRY CLUB DR STE
FAIRFIELD INN JEFF CITY	3621 W TRUMAN BLVD
WESTBROOK TERRACE A L	3335 N 10 MILE DRIVE
THE ARBORS WESTBROOK MC	3409 N. TEN MILE DRIVE
STADIUM GRILL	1219 FELLOWS PLACE
MU HC NEXTGEN CAFE	1030 HITT ST
MU CDS MM CENTRAL	901 E ROLLINS STREET
MU CDS BOOKMARK CAFE	1020 LOWRY ST
CLUB LA BOOCHE	110 S 9TH ST
SB COLUMBIA COUKS	805 N KEENE ST
MU GEN CHILD DEVELOPMENT	32 GWYNN AND STANLEY HALL
SAGE	11 N 9TH ST
BANGKOK GARDENS	811 CHERRY ST
GOOD DAY FARM	5301 PARIS RD
MU CDS POTENTIAL ENERGY	416 S 6TH ST RM E1426
KC #301018 COLUMBIA	2416 WEST ASH STREET
ATELIER SCHOOL	1609 CHAPEL HILL RD
TONYS PIZZA PALACE	17 N 5TH ST
QUICKWAY HIBACHI	2540 BROADWAY BLUFFS DR
MU CDS CDK	1100 ROLLINS ST
MU HC WAREHOUSE PAPER	2401 LEMONE INDUSTRIAL DR
O2B KIDS EAST COLUMBIA	3250 S BEARFIELD RD
MU CDS MM SOUTHWEST	402 KENTUCKY AVE
FR TOLTON CATHOLIC HIGH S	3351 E GANS RD
SIH M HOSP CARB PINK GRNM	405 W JACKSON ST
NEIGHBORHOOD GROCERY COOP	1815 W MAIN ST
CUMMARES	1023 CHESTNUT ST
APPLE CREEK GOLF CLUB	503 STONE CREEK DR
SOUTHERN 7 HD - COBDEN	8125 OLD HIGHWAY 51 N
JR CENTRE INC	100 FLORSHEIM DR
SPANISH OAKS CENTER	223 WEST VIENNA ST
SHAWNEE CUSD 84 JR&SR HIG	3365 STATE HWY 3 S
ST NICHOLAS BREWING CO MD	556 N AIRPORT RD
PILOT #59500 MARION	2611 VERNELL ROAD
R2R HURRICANE CREEK APRTS	400 LOU ANN DR
GIANT CITY SCHOOL	1062 BOSKYDELL RD
CARBONDALE HIGH SCH DIST	330 S GIANT CITY RD
ELVERADO PRIMARY SCHOOL	514 S 6TH ST
LINCOLN ELEMENTARY	400 MORNINGSIDE DR
WASHINGTON ELEMENTARY SCH	420 E. MAIN ST
MARION JR HIGH	1609 WEST MAIN ST.
LONGFELLOW SCHOOL	1400 W HENDRICKSON ST
MARION HIGH SCHOOL	1700 WILDCAT DRIVE
ADAMS SCHOOL	15470 LAKE OF EGYPT RD
THE CROSS EYED BEAR	12024 LAGUNA DR
WAYNE CITY GRADE SCHOOL	403 MILL STREET
FAIRFIELD COMM HIGH SCHOO	300 W KING
K & M DINER	410 S 1ST ST
MT ERIE SCH NO WAYNE SCHS	RR 1
CISNE MIDDLE SCHOOL	206 MULBERRY ST
KELL GRADE SCHOOL	207 N. JOHNSON ST.
CENTRAL CITY SCHOOL	129 N DOUGLAS
BRIDGES LEARNING CENTER	200 SOUTH PINE ST
NEW CENTRALIA HOUSE	111 N OAK ST
PARK PLACE	332 COUNTRY CLUB ROAD
DIAMONDVIEW	338 COUNTRY CLUB ROAD
KASKASKIA WORKSHOP	299 SWAN AVE.
ASHLEY SCHOOL	450 NORTH 3RD STREET
GRAND PRAIRIE SCHOOL	21462 N RICHVIEW LANE
NORTH WAMAC SCHOOL	1500 CASE ST
FIRESIDE HOUSE OF CENT	1030 MARTIN LUTHER KING
RACCOON GRADE SCHOOL	3601 STATE ROUTE 161
COMFORT SUITES	404 S 44TH ST
MT VERNON CITY SCH DST 80	1800 MAIN
OPDYKE CONSOLIDATED SCH	19380 EAST 4TH STREET
MOUNT VERNON TWP HIGH SCH	11101 N WELLS BYPASS
WALTONVILLE SCHOOL	804 W KNOB
FCHS CAFE	601 E MAIN ST
TA STORE #0043300 MT VERN	4510 BROADWAY ST
SOUTHERN 30 ADOLESCENT CT	17077 N IL HWY 37
QDOBA #2277 GREEN MOUNT	3210 GREEN MOUNT CROSSING
QDOBA #2438 COLLINSVILLE	1100 COLLINSVILLE CROSSIN
QDOBA #2310 TROY	2100 TROY RD
QDOBA #2689 BASS PRO	1315 BASS PRO DR
QDOBA #2917 HWY K	1290 STATE HWY K
QDOBA #2391 HIGHWAY N	7863 HIGHWAY N
QDOBA #1755 PAGE AVE	11500 PAGE SERVICE DR
PRETZEL BOYS	11750 MANCHESTER RD
RACANELLI'S KIRKWOOD	111 N KIRKWOOD RD
THE MARY CULVER HOME	221 W WASHINGTON AVE
FSC 805 SACRED HEART SCHL	12 ANN AVE
FSC 803 ST PETR CATHLIC	215 N CLAY AVE
FSC 126 ST CLEMENT ROME	1508 BOPP RD
FSC 121 ST GERARD MAGELLA	2005 DOUGHERTY FERRY RD
KC #000098 KIRKWOOD	13550 BIG BEND ROAD
MISSOURI TORAH INSTITUTE	1809 CLARKSON RD
FSC 319 ASCENSION CTH SCH	238 SANTA MARIA DR
COURTYARD BY MARRIOTT	17369 CHESTERFIELD AIRPOR
ST LUKES REHAB HOSPITAL	14709 OLIVE BLVD
RANKEN JORDAN	11365 DORSETT ROAD
HOPE MONTESSORI CREVE COR	900 N MASON RD
TIMOTHYS	12710 OLIVE BLVD
KC #301412 CREVE COEUR	12821 PORTULACA DRIVE
PINK GALLEON WEST	1243 CASTILLON ARCADE
AMIGO JOES	5901 SOUTHWEST AVE
KC #000617 ST. LOUIS	2500 HAMPTON AVENUE
THE GROVE AT KIRKWOOD	711 S KIRKWOOD RD
KC #302163	10555 BIG BEND RD
KNEAD BAKEHOUSE	3467 HAMPTON AVE
FSC 355 SOUTH CTY CATHLIC	5821 PERNOD AVE
ANN AND ALLEN BAKNG #1917	6261 KNOX INDUSTRIAL DR.
FSC 809 IMMACOLATA SCHOOL	8910 CLAYTON RD
IMMACOLATA FISH FRY	8910 CLAYTON RD
FAZIOS BAKERY	1717 SUBLETTE
IMO MEAT & SAUSAGE CO	5040 DAGGETT AVENUE
BAYMONT INN FARMINGTON	1625 COLUMBIA
SOUTHERN MISSOURI REENTRY	850 PROGRESS DR
MAPLEBROOK ALF	520 MAPLE VALLEY DRIVE
MAPLEBROOK ARBORS MC	526 MAPLE VALLEY DRIVE
MIDTOWNE MARKET	317 HAWTHORN AVE
O2B KIDS ST CHARLES	157 HUGHES LN
FSC 920 ST CHARLES BOROME	431 DECATUR ST
FSC 435 ACADEMY SACRD HRT	619 N 2ND ST
FSC 110 DUCHESNE HIGH SCH	2550 ELM ST
FSC 610 ST CLETUS SCHOOL	2721 ZUMBEHL RD
PREFERRED FAMILY HC OLD R	1601 OLD SOUTH RIVER RD
PFH MAIN ST ST CHARLES	1570 S MAIN ST
WALLIS MOTO FENTON	102 DELORES DR # A
LAPETITE #10540-7109	1000 BROOKWOOD CENTER
LA QUINTA INN &STS #53782	1580 S KIRKWOOD RD
ROAD RANGER #145 FENTO	205 N HIGHWAY DR
KC #081099	241 WOLFNER DR
FSC 317 STPAUL SCH FENTON	465 NEW SMIZER MILL RD
KC #301525 FENTON	1481 HAWKINS ROAD
TAPAWINGO NATIONAL GOLF	13001 GARY PLAYER DR
PRETZEL BOYS 2	3802 S LINDBERGH STE 105
CASA DIA MONTESSORI WATSN	10109 WATSON ROAD
SUGARFIRE PIE	9200 OLIVE SUITE 108
FSC 340 OUR LADY PILLAR	403 S LINDBERGH BLVD
THE HIVE	609 N NEW BALLAS RD
KC #000168 CHESTERFIELD	2275 VILLAGE GREEN PKWY
NAPOLI 2	1054 TOWN AND COUNTRY CRO
THE CTR AT CONWAY LWR LVL	13725 CONWAY RD
THE CTR AT CONWAY UP LEVL	13725 CONWAY RD
LUCKY TRADING	1550 PAGE INDUSTRIAL CT
THE FRANKLIN OF SOULARD	816 ALLEN AVE
HOLY TRINITY SEO CHURCH	1910 SERBIAN DR
HAVE A COW CAFE	2742 LAFAYETTE AVE
LIFEWISE	1321 S 11TH ST
BRIGHT HORIZONS #0885	7501 MARYLAND AVE
HALF & HALF LLC	8135 MARYLAND AVENUE
SOMO DEPT OF JSTCE STL CO	100 S CENTRAL AVE
SOMO STLOUIS CNTY COR MED	100 S CENTRAL AVE
MOTHER OF GOOD COUNCL PMR	140921
BARACK OBAMA ELEMIDDLE	3833 JENNINGS STATION RD
ST LOUIS CORP CTR-CULINRY	4333 GOODFELLOW BLVD
FSC 145 BLESSED TERESA CC	150 N ELIZABETH AVE
CASA	3417 ST THOMAS MORE PLACE
BEL NOR ELEMENTARY	3101 NORDIC DRIVE
NORMANDY EARLY LEARNING	7855 NATURAL BRIDGE ROAD
LUCAS CROSSING ELEMIDDLE	7837 NATURAL BRIDGE ROAD
JEFFERSON ELEMIDDLE	4315 CARDWELL DRIVE
ST VINCENT HM FOR CHLDRN	7401 FLORISSANT RD
HILLTOP DAYCARE CENTER	6155 W FLORISSANT
ELITE SUPERMARKET	8337 N BROADWAY
HELFERS PASTRIES AND DELI	380 SAINT FERDINAND ST
FSC 320 ST NORBERT SCHOOL	16475 NEW HALLS FERRY RD
MALLY SUPERMARKET 2	12080 PATTERN DR
MIAMI GRILL HALLS FERRY	12925 NEW HALLS FERRY RD
BIG BELLY DELI	392 SAINT FERDINAND ST
FSC 127 ST FERDINAND	1735 CHARBONIER RD
KC #000366 HAZELWOOD	6200 HOWDERSHELL ROAD
LA JUICY SEAFOOD FLORISSA	10732 W FLORISSANT AVE
EL MAGUEY WENTZVILLE	1075 W PEARCE BLVD
O2B KIDS WENTZVILLE	1401 NEELA RD
FSC 604 SACRED HEART TROY	110 THOMPSON DR
LINCOLN COUNTY COUNCIL	1380 BOONE ST
WRIGHT CITY COMMUNITY FOO	217 E 1ST ST N
QUALITY INN FORISTELL	12 HIGHWAY W
WENTZVILLE VFW POST 5327	1414 HIGHWAY Z
DOS PRIMOS ELSBERRY	457 N MAIN ST
ELAINE ROSI ACADEMY	8900 MANCHESTER
FSC 910 ROHAN WOODS SCHOL	1515 BENNETT AVE
FSC 434 MARY QUEEN PEACE	680 W LOCKWOOD AVE
ST MICHAEL	7630 SUTHERLAND
PREFERRED FAM HC CHIPPEWA	7020 CHIPPEWA ST
DUPO JR SR HIGH SCH #196	600 LOUISA  AVE
SUGARFIRE WENTZVILLE	905 BLUFFVIEW ELMENTARY
CMPS GARDEN PL COLUMBIA	480 DD RD
OLD MONROE DISTILLERY  CO	8787 RICKHOUSE ROAD
FSC 801 ST MARGARET MARY	4900 RINGER RD
KC #301723 ST. LOUIS	4105 TELEGRAPH ROAD
PRETZEL BOYS TELEGRAPH	4338 TELEGRAPH RD
FSC 504 QUEEN OF ALL SNTS	6611 CHRISTOPHER DR
NORMANDY HIGH SCHOOL	6701 ST CHARLES ROCK ROAD
DOORWAYS	4385 MARYLAND
FSC 109 ROSATI KAIN HS	4389 LINDELL BLVD
FSC 235 CLAYTON CHLDHD CR	1 OAK KNOLL PARK
WASHINGTON ELEMIDDLE	1730 NORTH HANLEY ROAD
GOOD SHEPHRD CHLD&FAM SVC	1340 PARTRIDGE AVE
MIAMI GRILL/PAGE	7017 PAGE
HYATT SELECT ST. LOUIS AI	4576 WOODSON RD
EX ST LOUIS AIRPORT STLLF	10000 NATURAL BRIDGE RD
SOMO WEINMAN SHELTER	4201 MCKIBBON RD
BELRIDGE	8930 BOSTON AVE
EVANGELICAL CHILDRENS PMR	8240 ST CHARLES ROCK RD
MIAMI GRILL ROCK RD	12499 NATURAL BRIDGE RD
EL MAGUEY NATURAL BRIDGE	12460 NATURAL BRIDGE RD
O2B KIDS OVERLAND	9636 MIDLAND BLVD
EL MEXIQUENSE	9519 LACKLAND RD
KC #300389 EDWARDSVILLE	500 GOSHEN ROAD
LAPETITE #10533-7100	2 AUERBACH PLACE
O2B KIDS EDWARDSVILLE	2545 S STATE ROUTE 157
GOOD SHEPHERD LUTH CHURCH	1300 BELT LINE RD
STS PTR & PL CTHLC SCH/PR	207 VANDALIA ST
ST JOHN NEUMANN CATHOLIC	142 WILMA DR
TA STORE #0199300 TROY	819 EDWARDSVILLE RD
1ST BAPTIST OF MARYVILL	7110 STATE ROUTE 162
ONESTO PIZZA AND TRATTOR	5401 FINKMAN ST
MACK BAR AND GRILL	4615 MACKLAND
FSC 102 BISHOP DUBOURG HS	5850 EICHELBERGER ST
FSC 123 ST CECILIA	906 EICHELBERGER ST
FSC 350 ST STEPHEN	3929 WILMINGTON AVE
SOMO SO COUNTY HABIL CTR	2312 LEMAY FERRY RD
PREFRRD FAM HC-DUNNICA	4066 DUNNICA AVE
DEDICATED TOWER GROVE	3721 S GRAND BLVD
FSC 405 ST DOMINIC PRIORY	3407 LAFAYETTE AVE
THE DRAWING BOARD	4123 CHIPPEWA ST
MIAMI GRILL CHIPPEWA	5353 CHIPPEWA ST
SALVAGE YARD PIZZA AND GR	5406 HAMPTON AVE
SOMO MISSOURI HILL CAMPUS	13323 BELLEFONTAINE RD
BOWL HAVEN LANES	3003 WASHINGTON AVE
BEST WESTERN PARKWAY	1900 HOMER M ADAMS PKWY
DELMAR PUBLIC HOUSE	2926 W DELMAR AVE
ST MARYS SCHOOL ALTON	519 E 4TH ST
GAME OVER	1022 E BROADWAY
MI PUEBLITO CANTINA	48 W EDWARDSVILLE RD
RUMAS DELI LEMAY	1395 COVINGTON MANOR LN
MATTIS POINTE	4962 MATTIS RD
LAPETITE #10538-7107	12836 TESSON FERRY RD
FSC 507 ST CATHERINE LABR	9750 SAPPINGTON RD
JOE BOCCARDIS	8556 WATSON ROAD
M AND M BAR AND GRILL	9711 GREEN PARK INDUSTRIA
CHILDTIME #10220-2202	2130 MICHIGAN AVE
SAINT JOSEPH SCHOOL	6024 OLD ANTONIA RD
LAPETITE #10535-7102	3607 RICHARDSON SQ RD
CHINA BUFFET	3833 LEMAY FERRY ROAD
O2B KIDS SHILOH	811 W HIGHWAY 50
LAPETITE #10534-7101	940 TALON DR
REGENCY MANOR	128 REGENCY PARK
TOWNEPLACE STS STL OFALLN	445 REGENCY PARK
EX O FALLON OFAIL	3396 GREEN MOUNT CROSSING
LAPETITE #10532-7099	2390 LEBANON AVE
SKATE CITY BELLEVILLE	1400 WEST BLVD
1428 TAP HOUSE	1428 N ILLINOIS ST
MARGARITAS DOWNTOWN	108 E A ST
WING CHINA	9 BELLEVUE PARK PLZ
B & H MARKET	2244 W OSAGE ST
WALLIS MOTO PACIFIC	2027 W OSAGE ST
SOUTH POINTE ALF	5125 OLD HWY 100
WASHINGTON PLACE MC	2701 RABBIT TRAIL DR.
SOMO AUTUM HILL ST SCH	300 AUTUMN HILL DR
FSC 525 STFRNCS BRG GDSCH	225 CEDAR ST
PARK AVENUE COFFEE #1923	2 E FIFTH STREET
EXIT 11	1351 JEFFERSON ST STE 120
BROWN JERRYS BLUES BREWS	147 W SAINT LOUIS ST
VILLAGE CAFE LSL	6127 RONALD REAGAN DR
O2B KIDS LAKE ST LOUIS	1000 WYNDGATE RIDGE DR
FSC 615 IMACULAT ICDDARDN	2089 HANLEY RD
CAE #902 O'FALLON	9983 WINGHAVEN BLVD
BRASS RAIL	4601 STATE HIGHWAY K
MURPHYS VILLAGE PUB II	3002 WINGHAVEN BLVD
WALLIS MOTO CALEDONIA	701 CALEDONIA DRIVE
DAN'S COUNTRY MEATS	3622 MILL ST
BOONE VALLEY GOLF CLUB	1319 SCHLUERSBURG ROAD
GOOD NEWS BREWING  DEFIAN	2886 SOUTH MISSOURI 94
FSC 301 ST JOSEPH SCHOOL	1351 MOTHERHEAD RD
FSC 230 MESSIAH LUTHERAN	5911 MO-94
PRIMROSE ST CHAR HERITAGE	1001 HERITAGE XING
O2B KIDS BLUESTONE	2041 BLUESTONE DR
KC #301450 ST CHARLES	1900 ZUMBEHL ROAD
FRATELLIS RISTORANTE	2061 ZUMBEHL
FSC 438 SETON REGIONAL CA	2 SETON CT
KC #000772 ST. PETERS	4150 S. CLOVERLEAF DRIVE
KCLC #302051	515 FLORENCE DR
SLEEP INN & SUITES	1147 TECHNOLOGY DR
KC #302135	4301 KEATON CROSSING BLVD
JJ'S RESTAURANT	200 FT ZUMWALT SQ
PINCKNEYVILLE HOSP/PREMIE	5383 STATE ROUTE 154
PINCKNEYVILLE ELEM SCH DI	301 W MULBERRY ST
NEW PERRY COUNTY MARKETPL	412 S MAIN ST
ST BRUNO SCHOOL	210 N GORDON STREET
PINCKNEYVILLE COMM HIGH S	600 E WATER ST
PINCKNEYVILLE JR HIGH SCH	700 E WATER ST
COMM CONS SCHL DIST 204	6067 STATE RT 154
MARSHALL BROWNING HOSP AM	900 N WASHINGTON
DUQUOIN HIGH SCHOOL DIST	500 EAST SOUTH STREET
DUQUOIN ELEM-MIDDLE DIST	845 E JACKSON ST
KC #000092 BALLWIN	497 BIG BEND ROAD
KC #300992 MANCHESTER	1290 HOLGATE DRIVE
CRESCENT FARMS GOLF CLUB	745 LEWIS RD
PEVELY FARMS GOLF CLUB	400 LEWIS RD
FSC 390 MST SCRD HRT ERKA	350 E 4TH ST
FSC 445 LASALLE RETREAT	2101 RUE DE LA SALLE DR
GOOD NEWS BREWING WILDWOO	2603 WEST AVE
FSC 465 ST JOHN SCHOOL	15800 MANCHESTER RD
CDLC-CLA #085029	15677 MANCHESTER RD
FSC 108 HOLY INFANT SCHOL	248 NEW BALLWIN RD
LAPETITE #10539-7108	354 NEW BALLWIN RD
PAPAYA GRILL	567 ST JOSEPH LANE
ST ELIZABETH SCHOOL	2300 PONTOON RD
ST ELIZABETH SCHOOL CAFE	2300 PONTOON ROAD
GF CASEYVILLE RES CTR	600 W LINCOLN AVE
ST CLAIR CO DETENTION CTR	9006 LEBANON ROAD
KC #302119	1 CORPORATE DR
BAYMONT BY WYNDHAM O FALL	1320 PARK PLAZA DR
ANDRIAS FOOD GROUP INC	6805 OLD COLLINSVILLE RD
LC'S PUB	605 W MAIN
IRON RAIL PUB	2502 N 45TH ST
DIAMOND CABARET	1401 MISSISSIPPI AVE
FSC 125 ST LOUIS CATH ACD	1106 N JEFFERSON AVE
SOMO HOGAN ST REGNL YTH C	1839 HOGAN STREET
FSC 375 CITY ACADEMY	4175 N KINGSHIGHWAY BLVD
FSC 302 LOYOLA ACDMY STL	3851 WASHINGTON BLVD
UNITED FRUIT & PRODUCE	2613 N BROADWAY
UNITED FRUIT PRODUCE FRES	121 MONROE ST
FACTORY DINER	200 W 1ST STREET
SOUTHBROOK NURSING	1101 HAZEL LN
FSC 212 ST PIUS X HIGH SC	1030 SAINT PIUS DR
REFLECTIONS EQUESTRIAN CE	1500 DAVID MNR
FSC 914 SRVNTS PRCL VIENY	6476 EIME RD
WHITE ROSE CAFE LTD	208 E MAIN
SOMO ST CHARLES HABIL CTR	22 MARR LANE
O2B KIDS COTTLEVILLE	1481 COTTLEVILLE PKWY
RACANELLIS PIZZA  ST PETE	3945 MID RIVERS MALL DR
TRUE MANUFACTURNG/OFAL	2001 E TERRA LN BLDG T10
O2B KIDS OFALLON MO	864 HOMEFIELD BLVD
COMFORT INN & STS CHARLES	100 COMFORT INN CT
GREAT SKATE MO	130 BOONE HILLS DR
SPENCER PLACE ALF	265 SPENCER RD
FSC 605 ST PAUL SCHOOL	1235 CHURCH RD
CHESTNUT GLEN BY AMERICAR	121 KLONDIKE CROSSING
HONEY HOLE BAR AND GRILL	3295 MISSISSIPPI AVE
EL AGAVE WATSON	10893 SUNSET HILLS PLAZA
LAS FUENTES NORTH	680 N LINDBERGH
GOLDEN OAK STP	6149 MID RIVERS MALL DR
EL AGAVE WENTZVILLE	1201 WENTZVILLE PARKWAY
VANGELS PNTO	10017 MANCHESTER RD
CAFE MANHATTAN PNTO	505 S HANLEY RD
SIDE PROJECT PIZZA PNTO	2657 LYLE AVE
ACERO PNTO	7266 MANCHESTER RD
MEATS AND MORE	147 FLOWER VALLEY SHOPPIN
CHIMICHANGAS PNTO	5425 S GRAND BLVD
GRACE MEAT + FISH PNTO	8654 WATSON RD
GRACE MEAT +THREE PNTO	4270 MANCHESTER AVE
THE MIDWESTERN PNTO	900 SPRUCE ST
CRAFTED PNTO	3200 SHENANDOAH AVE
NEIGHBORS PLACE PNTO	229 E MARCEAU ST
SHAKING BOWL PNTO	5544 TELEGRAPH RD
CAFE FLEUR DE LIS PNTO	5569 TELEGRAPH RD
RAVENWOOD TERRACE MC	1828 RAVENWOOD DRIVE
RAVENWOOD TERRACE AST LIV	1830 RAVENWOOD DR
BLACK MARKET BBQ	1515 S MORLEY ST
COMFORT INN & SUITES MOBE	1801 W OUTER RD
D'ABOLENGO	530 HIGHWAY 24
CCPS BEAN STEPHEN DNG	118 W REED ST
JOES ITALIAN RESTAURANT P	318 W REED ST
MATRIARCHA	413 E CAPITOL AVE
ELM MEXICAN RESTAURANT	14228 MOUNT CARMEL RD
JUST JEFFS	701 BUSINESS LOOP 70W
G AND D PIZZARIA	2101 W BROADWAY-STE "L"
CHRIS MC DS	1400 FORUM BLVD STE 7A
HIGHBALL KITCHEN AND COCK	132 S 9TH ST
VETERANS UNITED	550 VETERANS UNITED DR.
ANGELOS PIZZA	4107 S PROVIDENCE
HILTON GARDEN INN	3300 VANDIVER DR
COMFORT SUITES - COLUMBIA	1010 W BUSINESS LOOP 70
03011100 EHC RUSK MU HLTH	315 BUSINESS LOOP 70 WEST
ALPHA GAMMA SIGMA	407 BURNAM AVE
LA TOLTECA	2709 E BROADWAY
SHILOH BAR AND GRILL NEW	402 E BROADWAY
KRUSTACEANS SEAFOOD COLUM	22 N 9TH ST
ASHLAND VILLA LLC	301 S HENRY CLAY BLVD
MO NATIONAL GUARD	2302 MILITIA DR
STRIKERS BOWLING	2017 CHRISTY DR
LUNA AZTECA	2403 MISSOURI BLVD
ELM FAMILY RESTAURANT LLC	13601 ROUTE C
DON JOSE	111 SOUTH GRAND AVENUE
THE DEUCE PUB AND PIT	3700 MONTEREY DR
KOUNTRY KITCHEN	105 E MAIN ST
GABBY GOAT	303 E FAYETTE AVE
COUNTRY INN AND SUITES	1200 W RANEY ST
HANGAR 18	1112 MAINE ST
ALLIE WEBER	641 W 6TH STREET
PAGLIAIS PIZZA	1600 E LINCOLN AVE
SC CHARLESTON REHAB & NUR	716 18TH ST
CHANCES R SPORTS BAR	113 W CUMBERLAND ST
SC MARSHALL RHAB NRSNG	410 N 2ND ST
BAYMONT INN & SUITES	1811 W FAYETTE AVE
COMFORT SUTIES EFFINGHAM	1310 W FAYETTE AVE
NUXOLLS FOOD CENTER	1211 S BANKER ST
OPEN DOOR DINER	120 N MAIN ST
CHUCKWAGON CAFE	704 JANETTE DR
EL TACO FIESTA	116 KENNEDY BLVD
GROUCHYS PUBLIC HOUSE	303 W MAIN ST
DUE SOUTH BBQ	495 LIGHTHOUSE LN
CONNIE AT THE GAMBIT(SC)	CONNIE SUE'S REST CORP
TRIPLE E BBQ #9 INC	24 CHEEKWOOD LANE
EGYPTIAN CUSD #5	20023 DISWOOD RD
R2R RIVER TO RIVER ANNA	151 DENNY DR
DON SOL 2 INC  ANNA	847 E VIENNA ST
IRON WHISK	200 S FRONT ST
BUCKWATER BREWERY	213 E MAIN ST
ATTUCKS COMMUNITY SERVICE	227 W MAIN ST
LA FIESTA MEXICAN REST	1600 W KIMMEL ST
R2R BIG MUDDY APARTMENTS	5 N SHAWNEE DR
LOGAN ELEMENTARY MURPHYSB	320 WATSON ROAD
JACKSON CTY JAIL KITCHEN	1001 MULBERRY ST
MURPHYSBORO HIGH SCHOOL	50 BLACKWOOD DRIVE
CARRUTHERS ELEM SCH  MURP	80 CANDY LANE
MURPHYSBORO MIDDLE SCHOOL	2125 SPRUCE STREET
CRAZY JOE FISH HOUSE INC	693 SUCHMAN RD
SIH CANCER CENTER	1400 PIN OAK DRIVE
BLAZING TRAILS BBQ	892 ILLINOIS 37
ST NICHOLAS BREWING COMPA	12 S OAK ST
EMILYS EATERY AND EVENTS	302 UNION AVE #222
TCS WILLIAMSON COUNTY	404 N VAN BUREN ST
PATOKA SCHOOLS	1221 KINOKA ROAD
EL RANCHERITO EFFINGHAM	1311 N KELLER DR
THE RAIL YARD BAR AND GRI	200 W CENTER ST
TACO JOS OF CENTRALIA INC	400 S POPLAR ST
TEQUILA	1053 W BROADWAY
IUKA COMMUNITY SCHOOL	405 S MAIN
NASHVILLE HS DISTRICT 99	1300 S MILL ST
LAFIESTA	901 PRAIRIE AVE
COLUMBIAN CLUB OF CARLYLE	1471 FAIRFAX ST
COUNTRY AIRE RETIREMENT	18540 STATE HIGHWAY 16
REBEL PIG SMOKEHOUSE	119 S MAIN ST
CLARENCE NURSING HOME PMR	111 EAST STREET
PANCHITOS MEXICAN STEAKHO	203 N ROLLINS ST
EX HANNIBAL STLHB	120 SHINN LN
STONEY CREEK QUINCY	3809 BROADWAY STREET
MR BILL'S BAR AND GRILL	538 S 12TH ST
THE PATIO RESTAURANT	133 S 4TH ST
QDOBA #2143 MANCHESTER	14169 MANCHESTER RD
AG HIGHLANDS GLF&TNNS CLB	5163 CLAYTON AVENUE
MILLWOODS SPORTS BAR MARY	12067 DORSETT RD
LAS FUENTES ARNOLD	2198 MICHIGAN
LAS FUENTES MEXICAN REST	6025 TELEGRAPH
TEQUILAS OF COLUMBIA	850 COLUMBIA CTR
TEQUILAS OF WATERLOO	835 N MARKET ST
CENTER CROSS ACADEMY - MO	4257 MAGNOLIA AVE
AC AT NOTRE DAME HS	320 E RIPA AVE
HOPE MONTESSORI ACAD IT	830 N MASON RD
STRAUBS MASON	13414 CLAYTON RD
HI CHICKEN ENTERPRISE CTR	1401 CLARK AVE
STRAUB'S KINGSHIGHWAY	302 N KINGSHIGHWAY
BEFFA'S BAR & RESTAURANT	2700 OLIVE ST
CRABS LANDING	701 N TUCKER BLVD
THE MEXICAN STL	9615 WATSON ROAD
MARYGROVE  PMR	2705 MULLANPHY
EL MAGUEY DUNN ROAD	3407 DUNN RD
SUGARFIRE FLORISSANT	1290 NORTH HIGHWAY 67
PLAZA LANES PUB & GRUB	506 DROSTE RD
TWO PLUMBERS BREWERY AND	745 FRIEDENS RD
SAULLO'S RESTAURANT	2778 MUEGGE ROAD
PIOS INC	403 FIRST CAPITOL DRIVE
STL BUDWEISER BREW HOUSE	601 CLARK STREET
ECI SPORTS & SOCIAL STL	651 CLARK ST
GOLDEN OAK PAN HS SHREW	7289 WATSON RD
STEWS	1862 S 10TH ST
ICES PLAIN & FANCY	2256 S 39TH ST
TONYS DONUTS DORSETT	11525 DORSETT RD
LA BONNE BOUCHEE WHOLESAL	1889 CRAIG ROAD
HOLIDAY INN AIRPORT WEST	3400 RIDER TRL S
EL MAGUEY BALLWIN	14501 MANCHESTER RD
TWISTED ROLLS	14640 MANCHESTER RD
KOIBITO POKE DES PERES	13275 MANCHESTER RD
KREIS RESTAURANT	535 SOUTH LINDBERGH
AC INCARNATE WORD ACADEMY	2788 NORMANDY DR
SOMO HAWTHORN REC THERAPY	1901 PENNSYLVANIA AVE
ST LOUIS CORP CTR	4333 GOODFELLOW BLVD
RONS UNION	4901 UNION BLVD
TESLA PONTOON BEACH	1202 TRADEPORT PKWY
REID'S HARVEST HOUSE	2441 STATE ST
RED BUD WINERY	214 MAIN ST
TEQUILA OF RED BUD	1030 MAIN STREET
VINTAGE WINE BAR WATERLOO	212 S MAIN ST
GENO'S TRATTORIA CHOPHOUS	114 W MILL ST
ANNBRIAR GOLF	1524 BIRDIE LN
SOMO CAMP AVERY	198 AVERY LANE
DON JULIOS 2	3 LINCOLN CTR
SILVER PANCAKE HOUSE	9983 MANCHESTER RD
KOIBITO POKE WARSON WOODS	9953 MANCHESTER RD
NACHOMAMA MEX REST	9643 MANCHESTER RD
SEVEN GABLES INN	26 N MERAMEC AVE
CASA DIA MONTESSORI KIN	610 KINSWOOD LN
TAKERIOS	5828 S LINDBERGH BLVD
METABOLIC MEALS	464 BUSSEN UNDERGROUND RD
SPIKES PUB AND GRUB	3701 W MAIN ST
BELLEVILLE PANCAKE HOUSE	3605 N BELT W
SCHATZES	2301 E MAIN ST
THE ORCHARDS GOLF CLUB	1499 GOLF COURSE DR
COPPER FIRE	200 E MAIN ST
BELLEVILLE #201 WEST	4063 FRANK SCOTT PARKWAY
SAUCYS PIZZERIA CATAWISSA	115 AMBER WAY DR
VLR HIDDEN VALLEY CAFE	17410 HIDDEN VALLEY DR
COMPANY B BBQ	4583 HUNTER LANE
ROTHSCHILDS RESTAURANT	1026 EAST FIFTH ST
CONCERT HALL & BARREL	206 E FIRST ST
AINSLEYS PLACE	127 E 4TH ST
WINGS A BLAZIN INC	120 E 4TH ST
DOS PRIMOS HERMANN	2072 VILLAGE LN
3 OAKS - NEW HORIZON	5035 MANCHESTER AVE
HWY 47 KITCHEN	703 WARRIOR AVENUE
BAYMONT INN & SUITES	425 E VETERANS PARKWAY
T AND D TAVERN	3152 HIGHWAY T
NATOLI ENGINEERING CO INC	28 RESEARCH PARK CIRCLE
PARKSIDE GRILLE	505 STRECKER RD
THE ELEGANT CHILD LEARNIN	513 STRECKER RD
OISHI STEAK AND SUSHI	100 PUBLIC WORKS DRIVE
GOLDEN OAK SWANSEA	4519 N ILLINOIS ST
GRAND MANOR SWANSEA LLC	58 FRANK SCOTT PARKWAY E
HILTON GARDEN INN OFALLON	360 REGENCY PARK
FRANKS RESTAURANT	200 LINCOLN HWY
BEST WESTERN FAIRVIEW HEI	150 LUDWIG DR
CRAFTY CRAB IL	51 LUDWIG DR
THE CHUCK WAGON	10212 LINCOLN TRL
MANNINO MARKET TOO	5023 HWY P
CECIL WHITTAKERS WENTZVIL	1155 WENTZVILLE PKWY
MILLWOODS SPORTS BAR WENT	1827 W PEARCE BLVD
SOMO WENTZVILLE ICE ARENA	910 MAIN PLAZA DR
DOG PRAIRIE TAVERN	2348 SAINT PAUL RD
MARIOS CAFE	107 OFALLON PLZ
OB SLICES	4 E BROADWAY
THE OLD BAKERY BEER COMPA	401 LANDMARKS BLVD
BETHALTO EL MEZCAL	705 TEXAS BLVD
BEST WESTERN PREM ALTON	3559 COLLEGE AVE
CMPS GARDEN PL MILLSTAD	208 SOUTH KOSSUTH
CMPS REF AT GARDEN PL	710 S MAIN ST
LOOSE ENDS	7157 ILLINOIS 158
JOE BOCCARDIS PIZZERIA	117 S. MAIN
EL PASO MX COCINA	230 N MAIN ST
GRAFTON OYSTER BAR	215 W WATER ST
SOUTHERN COASTAL CUISINE	1415 WEST MAIN STREET
MINI CORRAL	3030 GODFREY RD
ABUNDANT LIFE COMMUNITY C	3986 HUMBERT RD
AMVET POST 42	690 JOACHIM AVE
COYOL MEXICAN BAR GRIL	12967 STATE ROAD 21
SC MASCOUTAH REHAB & NRSN	201 S 10TH ST
TAILWIND BLV	9656 AIR TERMINAL DR #100
ST JOSEPH CATHOLIC CHURCH	901 N. ALTON
LUCKY ROOSTER PUB AND EAT	101 W MAIN
E L FLANAGANS SPORTS	2635 PLAZA DRIVE
BROADWAY BAR & GRILL	1013 BROADWAY
SAMS PIZZA	1017 BROADWAY
HIGHLAND DINER	418 WALNUT ST
MEXICO TIPICO	501 S MADISON
CAE #903 EUREKA	76 LEGENDS PARKWAY
HOLIDAY INN @ SIX FLAGS	4901 SIX FLAGS ROAD
SAUCYS HIGH RIDGE	1630 GRAVOIS RD
KNIGHTS OF COLUMBUS 10154	405 S CHURCH ST
GOOD COMPANY	4317 MANCHESTER AVE
PRESS WAFFLE PNTO	3730 FOUNDRY WAY # 11
LITTLE FOX PNTO	2800 SHENANDOAH AVE
HARTFORD COFFEE CO PNTO	3974 HARTFORD ST
PIZZERIA DA GLORIA PNTO	2024 MARCONI AVE
BIG A'S ON RIVER PNTO	308 N MAIN STREET
DD MAU PNTO	11982 DORSETT RD
LA TEJANA PNTO	3149 N LINDBERGH BLVD
BONEHEADS BAR B QUE PNTO	8363 AIRPORT RD
FIREHOUSE LEMAY PNTO	3500 LEMAY FERRY RD
FRANK PAPAS PNTO	2241 S BRENTWOOD BLVD
MOTOR TOWN PNTO	8029 DALE AVE
WOMANS EXCHANGE PNTO	8811A LADUE ROAD
